brand,model,processor_brand,processor_name,ram_gb,ssd,hdd,os,weight,display_size,Touchscreen,latest_price
Lenovo,A6-9225,AMD,A6-9225 Processor,4 GB GB,0 GB,1024 GB,Windows,ThinNlight,Missing,No,24990
Lenovo,Ideapad,AMD,APU Dual,4 GB GB,0 GB,512 GB,Windows,Casual,Missing,No,19590
Avita,PURA,AMD,APU Dual,4 GB GB,128 GB,0 GB,Windows,ThinNlight,Missing,No,19990
Avita,PURA,AMD,APU Dual,4 GB GB,128 GB,0 GB,Windows,ThinNlight,Missing,No,21490
Avita,PURA,AMD,APU Dual,4 GB GB,256 GB,0 GB,Windows,ThinNlight,Missing,No,24990
Avita,PURA,AMD,APU Dual,8 GB GB,256 GB,0 GB,Windows,ThinNlight,14,No,24990
HP,APU,AMD,APU Dual,4 GB GB,0 GB,1024 GB,Windows,Casual,14,No,20900
Lenovo,APU,AMD,APU Dual,4 GB GB,0 GB,1024 GB,Windows,Casual,Missing,No,21896
HP,Athlon,AMD,Athlon Dual,32 GB GB,32 GB,0 GB,Windows,Casual,14,No,26899
acer,Aspire,AMD,Athlon Dual,4 GB GB,256 GB,0 GB,Windows,Casual,Missing,No,31990
ASUS,ExpertBook,Intel,Core i3,4 GB GB,0 GB,1024 GB,Windows,Casual,15.6,No,34649
Lenovo,Missing,Intel,Core i3,4 GB GB,0 GB,1024 GB,Windows,Casual,Missing,No,38999
Lenovo,v15,Intel,Core i3,4 GB GB,0 GB,1024 GB,Windows,Casual,15.6,No,39999
ASUS,ExpertBook,Intel,Core i5,8 GB GB,512 GB,0 GB,Windows,Casual,Missing,No,69990
ASUS,VivoBook,Intel,Celeron Dual,4 GB GB,0 GB,512 GB,Windows,Casual,Missing,No,26990
ASUS,EeeBook,Intel,Celeron Dual,4 GB GB,0 GB,512 GB,Windows,Casual,Missing,No,22990
ASUS,EeeBook,Intel,Celeron Dual,4 GB GB,0 GB,512 GB,Windows,Casual,Missing,No,21990
ASUS,ExpertBook,Intel,Core i5,8 GB GB,0 GB,1024 GB,Windows,Casual,14,No,58799
Lenovo,Missing,Intel,Core i5,4 GB GB,0 GB,1024 GB,Windows,Casual,14,No,49999
acer,Aspire,AMD,Ryzen,4 GB GB,0 GB,512 GB,Windows,Casual,Missing,No,54990
acer,Nitro,AMD,Ryzen 5,4 GB GB,0 GB,512 GB,Windows,Casual,Missing,No,59990
acer,Nitro,AMD,Ryzen 5,4 GB GB,0 GB,512 GB,Windows,Casual,Missing,No,93700
acer,Nitro,AMD,Ryzen 5,4 GB GB,0 GB,512 GB,Windows,Casual,Missing,No,72990
Avita,Cosmos,Intel,Celeron Dual,4 GB GB,0 GB,512 GB,Windows,Casual,Missing,No,17490
ASUS,EeeBook,Intel,Celeron Dual,4 GB GB,0 GB,512 GB,Windows,Casual,Missing,No,22990
ASUS,ExpertBook,Intel,Core i3,4 GB GB,256 GB,0 GB,Windows,Casual,Missing,No,35990
HP,x360,Intel,Core i3,8 GB GB,256 GB,0 GB,Windows,Casual,14,Yes,56490
HP,x360,Intel,Core i5,8 GB GB,256 GB,0 GB,Windows,Casual,14,No,65390
Lenovo,IdeaPad,Intel,Celeron Dual,4 GB GB,256 GB,0 GB,Windows,ThinNlight,14,No,31999
HP,Celeron,Intel,Celeron Dual,8 GB GB,256 GB,0 GB,Windows,ThinNlight,14,No,32490
Lenovo,IdeaPad,Intel,Celeron Dual,4 GB GB,256 GB,0 GB,Windows,ThinNlight,Missing,No,31799
ASUS,VivoBook,Intel,Celeron Dual,4 GB GB,256 GB,0 GB,Windows,Casual,Missing,No,29890
ASUS,Celeron,Intel,Celeron Dual,4 GB GB,0 GB,1024 GB,Windows,Casual,15.6,No,23990
HP,15q,Intel,Core i3,4 GB GB,0 GB,1024 GB,Windows,Casual,15.6,No,32955
HP,250-G6,Intel,Core i5,4 GB GB,0 GB,1024 GB,Windows,Casual,15.6,No,46200
ASUS,Missing,Intel,Core i3,4 GB GB,256 GB,0 GB,Windows,ThinNlight,14,No,34429
Lenovo,IdeaPad,Intel,Core i3,8 GB GB,256 GB,0 GB,Windows,ThinNlight,15.6,No,37990
ASUS,VivoBook,Intel,Core i3,4 GB GB,256 GB,0 GB,Windows,Casual,15.6,No,35990
ASUS,VivoBook,Intel,Core i3,8 GB GB,256 GB,0 GB,Windows,ThinNlight,14,No,33980
HP,Missing,Intel,Core i3,8 GB GB,256 GB,0 GB,Windows,ThinNlight,14,No,39990
DELL,Vostro,Intel,Core i3,8 GB GB,256 GB,0 GB,Windows,ThinNlight,14,No,39490
RedmiBook,15,Intel,Core i3,8 GB GB,256 GB,0 GB,Windows,ThinNlight,15.6,No,38990
HP,Pavilion,Intel,Core i3,8 GB GB,256 GB,0 GB,Windows,Casual,14,Yes,53990
acer,Aspire,Intel,Core i3,8 GB GB,256 GB,0 GB,Windows,ThinNlight,15.6,No,38990
realme,Book,Intel,Core i3,8 GB GB,256 GB,0 GB,Windows,ThinNlight,14,No,46990
ASUS,Missing,Intel,Core i3,8 GB GB,256 GB,0 GB,Windows,ThinNlight,15.6,No,37990
ASUS,VivoBook,Intel,Core i3,8 GB GB,256 GB,0 GB,Windows,Casual,14,No,37890
Lenovo,IdeaPad,Intel,Core i3,8 GB GB,256 GB,0 GB,Windows,ThinNlight,14,No,38990
Lenovo,IdeaPad,Intel,Core i3,8 GB GB,256 GB,0 GB,Windows,ThinNlight,14,No,37990
DELL,Vostro,Intel,Core i3,8 GB GB,256 GB,0 GB,Windows,ThinNlight,14.96,No,41990
ASUS,VivoBook,Intel,Core i3,8 GB GB,256 GB,0 GB,Windows,Casual,15.6,No,45990
Lenovo,IdeaPad,Intel,Core i3,8 GB GB,256 GB,0 GB,Windows,ThinNlight,15.6,No,39990
DELL,Inspiron,Intel,Core i3,8 GB GB,256 GB,0 GB,Windows,ThinNlight,15.6,No,42490
Infinix,INBook,Intel,Core i3,8 GB GB,256 GB,0 GB,Windows,ThinNlight,14,No,32990
DELL,Vostro,Intel,Core i3,4 GB GB,256 GB,0 GB,Windows,ThinNlight,14,No,36990
Lenovo,Ideapad,Intel,Core i3,8 GB GB,256 GB,0 GB,Windows,Casual,14,Yes,53990
ASUS,VivoBook,Intel,Core i3,8 GB GB,256 GB,0 GB,Windows,ThinNlight,14,No,36990
Lenovo,IdeaPad,Intel,Core i3,4 GB GB,256 GB,0 GB,Windows,Casual,15.6,No,38940
DELL,Inspiron,Intel,Core i3,4 GB GB,256 GB,0 GB,Windows,Casual,15,No,39490
ASUS,VivoBook,Intel,Core i3,8 GB GB,256 GB,0 GB,Windows,Casual,15.6,No,45990
Lenovo,Ideapad,Intel,Core i3,8 GB GB,256 GB,0 GB,Windows,Casual,15.6,No,39999
DELL,Inspiron,Intel,Core i3,8 GB GB,256 GB,0 GB,Windows,ThinNlight,15.6,No,42990
DELL,Inspiron,Intel,Core i3,8 GB GB,256 GB,0 GB,Windows,Casual,14,Yes,49990
DELL,Vostro,Intel,Core i3,8 GB GB,256 GB,0 GB,Windows,ThinNlight,14,No,41490
DELL,Inspiron,Intel,Core i3,8 GB GB,256 GB,0 GB,Windows,ThinNlight,14.96,No,41990
Lenovo,Ideapad,Intel,Core i3,8 GB GB,256 GB,0 GB,Windows,ThinNlight,14,No,41990
Infinix,INBook,Intel,Core i3,8 GB GB,256 GB,0 GB,Windows,ThinNlight,14,No,32990
ASUS,VivoBook,Intel,Core i3,8 GB GB,256 GB,0 GB,Windows,Casual,15.6,No,38490
Lenovo,Missing,Intel,Core i3,4 GB GB,256 GB,0 GB,Windows,ThinNlight,15,No,38990
Lenovo,ThinkPad,Intel,Core i3,4 GB GB,256 GB,0 GB,Windows,Casual,15.6,No,44990
Lenovo,IdeaPad,Intel,Core i3,4 GB GB,256 GB,0 GB,Windows,ThinNlight,14,No,36490
Lenovo,Missing,Intel,Core i3,8 GB GB,256 GB,0 GB,Windows,Casual,15.6,No,38970
HP,Missing,Intel,Core i3,4 GB GB,256 GB,0 GB,Windows,ThinNlight,Missing,No,44900
MSI,Missing,Intel,Core i3,4 GB GB,256 GB,0 GB,Windows,ThinNlight,Missing,No,38990
DELL,Vostro,Intel,Core i3,4 GB GB,256 GB,0 GB,Windows,ThinNlight,Missing,No,44427
ASUS,VivoBook,Intel,Core i3,4 GB GB,256 GB,0 GB,Windows,Casual,Missing,No,35990
Lenovo,Ideapad,Intel,Core i3,4 GB GB,256 GB,0 GB,Windows,Casual,Missing,No,40200
Lenovo,Missing,Intel,Core i3,4 GB GB,256 GB,0 GB,Windows,Casual,Missing,No,40990
DELL,Inspiron,Intel,Core i3,4 GB GB,256 GB,0 GB,Windows,ThinNlight,Missing,No,42490
realme,Book,Intel,Core i3,4 GB GB,256 GB,0 GB,Windows,ThinNlight,Missing,No,47999
acer,Chromebook,Intel,Celeron Dual,4 GB GB,0 GB,512 GB,Windows,Casual,Missing,No,23990
DELL,Missing,Intel,Core i3,4 GB GB,256 GB,0 GB,Windows,Casual,Missing,Yes,71999
ASUS,VivoBook,Intel,Core i3,4 GB GB,256 GB,0 GB,Windows,Casual,Missing,No,39990
Lenovo,IdeaPad,Intel,Core i3,4 GB GB,256 GB,0 GB,Windows,Casual,Missing,No,41998
ASUS,Missing,Intel,Core i3,4 GB GB,256 GB,0 GB,Windows,Casual,Missing,No,41990
Lenovo,Ideapad,Intel,Core i3,4 GB GB,256 GB,0 GB,Windows,Casual,Missing,No,39999
ASUS,Commercial,Intel,Core i3,4 GB GB,256 GB,0 GB,Windows,Casual,Missing,No,39990
Lenovo,Ideapad,Intel,Core i3,4 GB GB,256 GB,0 GB,Windows,Casual,Missing,No,39998
HP,14s,Intel,Core i3,4 GB GB,256 GB,0 GB,Windows,ThinNlight,Missing,No,42490
Lenovo,Missing,Intel,Core i3,4 GB GB,256 GB,0 GB,Windows,Casual,Missing,No,41990
ASUS,Missing,Intel,Core i3,4 GB GB,256 GB,0 GB,Windows,Casual,Missing,No,48490
HP,Missing,Intel,Core i3,4 GB GB,256 GB,0 GB,Windows,ThinNlight,Missing,No,44376
DELL,Missing,Intel,Core i3,4 GB GB,256 GB,0 GB,Windows,Casual,Missing,No,43900
DELL,INSPIRON,Intel,Core i3,4 GB GB,256 GB,0 GB,Windows,Casual,Missing,No,46690
Lenovo,Missing,Intel,Core i3,4 GB GB,256 GB,0 GB,Windows,Casual,Missing,No,40990
DELL,Inspiron,Intel,Core i3,4 GB GB,256 GB,0 GB,Windows,ThinNlight,Missing,No,39990
Lenovo,V15,Intel,Core i3,4 GB GB,256 GB,0 GB,Windows,ThinNlight,Missing,No,43990
ASUS,VivoBook,Intel,Core i3,4 GB GB,256 GB,0 GB,Windows,ThinNlight,Missing,No,36990
DELL,Missing,Intel,Core i3,8 GB GB,256 GB,0 GB,Windows,Casual,15.6,No,48500
ASUS,VivoBook,Intel,Core i3,8 GB GB,256 GB,0 GB,Windows,Casual,15.6,No,48990
ASUS,Chromebook,Intel,Celeron Dual,4 GB GB,0 GB,512 GB,Windows,Casual,Missing,No,23490
HP,Pavilion,Intel,Core i3,4 GB GB,256 GB,0 GB,Windows,Casual,14,Yes,54238
ASUS,VivoBook,Intel,Core i3,8 GB GB,512 GB,0 GB,Windows,Casual,15.6,No,37990
HP,Missing,Intel,Core i3,8 GB GB,512 GB,0 GB,Windows,ThinNlight,15.6,No,42990
HP,Missing,Intel,Core i3,8 GB GB,512 GB,0 GB,Windows,ThinNlight,15.6,No,42990
ASUS,VivoBook,Intel,Core i3,4 GB GB,512 GB,0 GB,Windows,Casual,15.6,No,35990
RedmiBook,15,Intel,Core i3,8 GB GB,512 GB,0 GB,Windows,ThinNlight,15.6,No,42990
ASUS,VivoBook,Intel,Core i3,8 GB GB,512 GB,0 GB,Windows,Casual,14,No,42990
ASUS,VivoBook,Intel,Core i3,8 GB GB,512 GB,0 GB,Windows,Casual,14,Yes,51990
ASUS,VivoBook,Intel,Core i3,8 GB GB,512 GB,0 GB,Windows,Casual,15.6,No,48990
ASUS,VivoBook,Intel,Core i3,8 GB GB,512 GB,0 GB,Windows,Casual,14,No,42990
Lenovo,Missing,Intel,Core i3,8 GB GB,512 GB,0 GB,Windows,ThinNlight,15.6,No,38990
DELL,Inspiron,Intel,Core i3,8 GB GB,512 GB,0 GB,Windows,ThinNlight,14.96,No,45990
HP,Missing,Intel,Core i3,8 GB GB,512 GB,0 GB,Windows,ThinNlight,15.6,No,42490
HP,Missing,Intel,Core i3,8 GB GB,512 GB,0 GB,Windows,ThinNlight,15.6,No,43970
ASUS,Missing,Intel,Core i3,4 GB GB,512 GB,0 GB,Windows,ThinNlight,15.6,No,39990
MSI,Missing,Intel,Core i3,8 GB GB,512 GB,0 GB,Windows,ThinNlight,14,No,48990
HP,Pavilion,Intel,Core i3,8 GB GB,512 GB,0 GB,Windows,Casual,14,No,54990
MSI,Missing,Intel,Core i3,8 GB GB,512 GB,0 GB,Windows,ThinNlight,14,No,40990
ASUS,VivoBook,Intel,Core i3,8 GB GB,512 GB,0 GB,Windows,ThinNlight,14.1,No,41990
Lenovo,IdeaPad,Intel,Core i3,8 GB GB,512 GB,0 GB,Windows,ThinNlight,14,Yes,54990
ASUS,VivoBook,Intel,Core i3,8 GB GB,512 GB,0 GB,Windows,Casual,14,No,44990
HP,Missing,Intel,Core i3,8 GB GB,512 GB,0 GB,Windows,Casual,15.6,No,41250
HP,Missing,Intel,Core i3,8 GB GB,512 GB,0 GB,Windows,ThinNlight,14,No,44990
ASUS,VivoBook,Intel,Core i3,8 GB GB,512 GB,0 GB,Windows,Casual,14,No,42990
DELL,Missing,Intel,Core i3,8 GB GB,512 GB,0 GB,Windows,Casual,14,Yes,60790
HP,Missing,Intel,Core i3,8 GB GB,512 GB,0 GB,Windows,Casual,15.6,No,45650
DELL,Vostro,Intel,Core i3,8 GB GB,512 GB,0 GB,Windows,ThinNlight,14,No,41990
DELL,Inspiron,Intel,Core i3,8 GB GB,512 GB,0 GB,Windows,ThinNlight,15.6,No,45490
ASUS,VivoBook,Intel,Core i3,8 GB GB,512 GB,0 GB,Windows,ThinNlight,14.1,No,44990
Lenovo,IdeaPad,Intel,Core i3,8 GB GB,512 GB,0 GB,Windows,ThinNlight,15.6,No,42990
HP,15s,Intel,Core i3,4 GB GB,512 GB,0 GB,Windows,ThinNlight,Missing,No,45490
HP,Missing,Intel,Core i3,4 GB GB,512 GB,0 GB,Windows,Casual,Missing,No,38799
HP,Pavilion,Intel,Core i3,4 GB GB,512 GB,0 GB,Windows,Casual,Missing,Yes,69267
ASUS,VivoBook,Intel,Core i3,4 GB GB,512 GB,0 GB,Windows,Casual,Missing,No,51649
HP,Missing,Intel,Core i3,4 GB GB,512 GB,0 GB,Windows,ThinNlight,Missing,No,47990
ASUS,VivoBook,Intel,Core i3,4 GB GB,512 GB,0 GB,Windows,Casual,Missing,No,40990
ASUS,Missing,Intel,Core i3,4 GB GB,512 GB,0 GB,Windows,ThinNlight,Missing,No,42990
ASUS,VivoBook,Intel,Core i3,4 GB GB,512 GB,0 GB,Windows,Casual,Missing,No,44890
ASUS,VivoBook,Intel,Core i3,4 GB GB,512 GB,0 GB,Windows,Casual,Missing,No,41490
HP,15s,Intel,Core i3,4 GB GB,512 GB,0 GB,Windows,ThinNlight,Missing,No,50990
HP,Missing,Intel,Core i3,4 GB GB,512 GB,0 GB,Windows,ThinNlight,Missing,No,48900
ASUS,VivoBook,Intel,Core i3,4 GB GB,512 GB,0 GB,Windows,Casual,Missing,No,40990
DELL,Vostro,Intel,Core i3,4 GB GB,512 GB,0 GB,Windows,Casual,Missing,No,41790
Lenovo,Ideapad,Intel,Core i3,4 GB GB,512 GB,0 GB,Windows,Casual,Missing,Yes,57999
DELL,Inspiron,Intel,Core i3,8 GB GB,512 GB,0 GB,Windows,ThinNlight,15.6,No,45930
HP,Pavilion,Intel,Core i3,8 GB GB,512 GB,0 GB,Windows,Casual,14,Yes,55490
ASUS,VivoBook,Intel,Core i3,8 GB GB,0 GB,1024 GB,Windows,Casual,14.1,No,32890
Lenovo,IdeaPad,Intel,Core i3,8 GB GB,0 GB,1024 GB,Windows,ThinNlight,15.6,No,35990
DELL,Inspiron,Intel,Core i3,8 GB GB,0 GB,1024 GB,Windows,ThinNlight,15.6,No,42490
DELL,Vostro,Intel,Core i3,8 GB GB,0 GB,1024 GB,Windows,ThinNlight,14,No,42190
DELL,Vostro,Intel,Core i3,8 GB GB,0 GB,1024 GB,Windows,ThinNlight,14,No,39490
HP,15s,Intel,Core i3,8 GB GB,0 GB,1024 GB,Windows,ThinNlight,15.6,No,43690
ASUS,VivoBook,Intel,Core i3,4 GB GB,0 GB,1024 GB,Windows,Casual,15.6,No,35990
DELL,3000,Intel,Core i3,8 GB GB,0 GB,1024 GB,Windows,Casual,15.6,No,43800
Lenovo,Missing,Intel,Core i3,8 GB GB,0 GB,1024 GB,Windows,Casual,15.6,No,38990
ASUS,VivoBook,Intel,Core i3,4 GB GB,0 GB,1024 GB,Windows,ThinNlight,15.6,No,34990
ASUS,VivoBook,Intel,Core i3,8 GB GB,0 GB,1024 GB,Windows,Casual,15.6,No,38900
DELL,Inspiron,Intel,Core i3,4 GB GB,0 GB,1024 GB,Windows,ThinNlight,Missing,No,39990
DELL,INSPIRON,Intel,Core i3,4 GB GB,0 GB,1024 GB,Windows,Casual,Missing,No,40890
Lenovo,Missing,Intel,Core i3,4 GB GB,0 GB,1024 GB,Windows,ThinNlight,Missing,No,36990
HP,15s,Intel,Core i3,4 GB GB,0 GB,1024 GB,Windows,ThinNlight,Missing,No,39990
HP,Missing,Intel,Core i3,4 GB GB,0 GB,1024 GB,Windows,ThinNlight,Missing,No,41990
DELL,Missing,Intel,Core i3,4 GB GB,0 GB,1024 GB,Windows,Casual,Missing,No,43970
HP,Notebook,Intel,Core i3,4 GB GB,0 GB,1024 GB,Windows,ThinNlight,Missing,No,39790
ASUS,Missing,Intel,Core i3,4 GB GB,0 GB,1024 GB,Windows,ThinNlight,Missing,No,35590
HP,14s,Intel,Core i3,4 GB GB,0 GB,1024 GB,Windows,ThinNlight,Missing,No,36490
ASUS,VivoBook,Intel,Core i3,4 GB GB,0 GB,1024 GB,Windows,ThinNlight,Missing,No,38990
ASUS,Missing,Intel,Core i3,4 GB GB,0 GB,1024 GB,Windows,ThinNlight,Missing,No,33990
DELL,Inspiron,Intel,Core i3,4 GB GB,0 GB,1024 GB,Windows,Casual,Missing,No,43400
ASUS,Chromebook,Intel,Celeron Dual,4 GB GB,0 GB,512 GB,Windows,Casual,Missing,No,24990
HP,15s,Intel,Core i3,4 GB GB,0 GB,1024 GB,Windows,ThinNlight,Missing,No,40750
DELL,Inspiron,Intel,Core i3,4 GB GB,0 GB,1024 GB,Windows,ThinNlight,Missing,No,43000
ASUS,Vivo,Intel,Core i3,4 GB GB,0 GB,1024 GB,Windows,Casual,Missing,No,38000
DELL,Inspiron,Intel,Core i3,8 GB GB,0 GB,1024 GB,Windows,ThinNlight,14.96,No,37990
HP,DA,Intel,Core i3,8 GB GB,0 GB,1024 GB,Windows,Casual,15.6,No,49279
Lenovo,Missing,Intel,Core i3,8 GB GB,0 GB,1024 GB,Windows,Casual,15.6,No,38999
ASUS,Missing,Intel,Core i3,8 GB GB,0 GB,1024 GB,Windows,Casual,15.6,No,41500
acer,Missing,Intel,Core i3,4 GB GB,0 GB,1024 GB,Windows,Casual,15.6,No,36999
DELL,Missing,Intel,Core i3,8 GB GB,0 GB,1024 GB,Windows,Casual,15.6,No,42900
ASUS,Chromebook,Intel,Celeron Dual,4 GB GB,0 GB,512 GB,Windows,Casual,Missing,No,21490
DELL,Insprion,Intel,Core i3,8 GB GB,0 GB,1024 GB,Windows,Casual,15.6,No,41480
ASUS,VivoBook,Intel,Core i3,8 GB GB,0 GB,1024 GB,Windows,Casual,15.6,No,32990
ASUS,VivoBook,Intel,Core i3,8 GB GB,0 GB,1024 GB,Windows,Casual,15.6,No,38680
ASUS,Chromebook,Intel,Celeron Dual,4 GB GB,0 GB,512 GB,Windows,Casual,Missing,No,23990
DELL,Missing,Intel,Core i3,8 GB GB,0 GB,1024 GB,Windows,ThinNlight,14.96,No,40390
ASUS,VivoBook,Intel,Core i3,4 GB GB,0 GB,1024 GB,Windows,ThinNlight,14.1,No,33990
ASUS,Chromebook,Intel,Celeron Dual,4 GB GB,0 GB,512 GB,Windows,Casual,Missing,No,20490
DELL,Vostro,Intel,Core i3,8 GB GB,256 GB,1024 GB,Windows,ThinNlight,15.6,No,41490
DELL,Inspiron,Intel,Core i3,8 GB GB,256 GB,1024 GB,Windows,Casual,15.6,No,45490
DELL,Inspiron,Intel,Core i3,8 GB GB,256 GB,1024 GB,Windows,Casual,15.6,No,44490
ASUS,VivoBook,Intel,Core i3,8 GB GB,256 GB,1024 GB,Windows,Casual,14.1,No,41890
DELL,Vostro,Intel,Core i3,4 GB GB,256 GB,1024 GB,Windows,ThinNlight,14,No,42990
acer,Travelmate,Intel,Core i3,8 GB GB,256 GB,1024 GB,Windows,Casual,14,No,40990
DELL,Inspiron,Intel,Core i3,8 GB GB,256 GB,1024 GB,Windows,ThinNlight,15.6,No,48990
DELL,Vostro,Intel,Core i3,4 GB GB,256 GB,1024 GB,Windows,ThinNlight,Missing,No,43590
DELL,Inspiron,Intel,Core i3,4 GB GB,256 GB,1024 GB,Windows,Casual,Missing,No,44690
ASUS,ExpertBook,Intel,Core i3,4 GB GB,256 GB,1024 GB,Windows,Casual,Missing,No,40990
DELL,Vostro,Intel,Core i3,4 GB GB,256 GB,1024 GB,Windows,ThinNlight,Missing,No,43990
DELL,Vostro,Intel,Core i3,4 GB GB,256 GB,1024 GB,Windows,ThinNlight,Missing,No,43590
DELL,Vostro,Intel,Core i3,4 GB GB,256 GB,1024 GB,Windows,ThinNlight,Missing,No,41390
DELL,Vostro,Intel,Core i3,4 GB GB,256 GB,1024 GB,Windows,ThinNlight,Missing,No,44290
DELL,Inspiron,Intel,Core i3,4 GB GB,256 GB,1024 GB,Windows,Casual,Missing,No,48999
DELL,Vostro,Intel,Core i3,4 GB GB,256 GB,1024 GB,Windows,ThinNlight,Missing,No,39990
DELL,Missing,Intel,Core i3,8 GB GB,256 GB,1024 GB,Windows,ThinNlight,15.6,No,46390
ASUS,Chromebook,Intel,Celeron Dual,4 GB GB,0 GB,512 GB,Windows,Casual,Missing,No,18990
ASUS,Chromebook,Intel,Celeron Dual,4 GB GB,0 GB,512 GB,Windows,Casual,Missing,No,17990
HP,14a,Intel,Celeron Dual,4 GB GB,0 GB,512 GB,Windows,Casual,Missing,No,26470
HP,Chromebook,Intel,Celeron Dual,4 GB GB,0 GB,512 GB,Windows,Casual,Missing,No,27990
Lenovo,Celeron,Intel,Celeron Dual,4 GB GB,0 GB,1024 GB,Windows,Casual,15.6,No,29999
Lenovo,IdeaPad,Intel,Celeron Dual,4 GB GB,0 GB,512 GB,Windows,Casual,Missing,No,25990
Lenovo,IdeaPad,Intel,Celeron Dual,4 GB GB,0 GB,512 GB,Windows,Casual,Missing,No,16990
Lenovo,IdeaPad,Intel,Celeron Dual,4 GB GB,0 GB,512 GB,Windows,Casual,Missing,No,24990
acer,Predator,Intel,Core,4 GB GB,0 GB,512 GB,Windows,Casual,Missing,No,99990
acer,Aspire,Intel,Core i5,8 GB GB,0 GB,512 GB,Windows,Casual,Missing,No,50990
acer,Spin,Intel,Core i5,8 GB GB,0 GB,512 GB,Windows,Casual,Missing,No,119990
acer,Swift,Intel,Core i5,8 GB GB,0 GB,512 GB,DOS,Casual,Missing,No,94190
ASUS,ROG,Intel,Core i5,8 GB GB,0 GB,512 GB,DOS,Casual,Missing,No,106167
DELL,Missing,Intel,Core i5,8 GB GB,0 GB,512 GB,DOS,Casual,Missing,No,68090
DELL,XPS,Intel,Core i5,8 GB GB,0 GB,512 GB,DOS,ThinNlight,Missing,No,139990
HP,15s,Intel,Core i5,8 GB GB,0 GB,512 GB,DOS,ThinNlight,Missing,No,55990
HP,Omen,Intel,Core i5,8 GB GB,0 GB,512 GB,DOS,Casual,Missing,No,102551
lenovo,Ideapad,Intel,Core i5,8 GB GB,0 GB,512 GB,DOS,Casual,Missing,No,72990
Lenovo,Ideapad,Intel,Core i5,8 GB GB,0 GB,512 GB,DOS,Casual,Missing,No,46990
MICROSOFT,Surface,Intel,Core i5,8 GB GB,128 GB,0 GB,Windows,Casual,Missing,Yes,100190
Smartron,t.book,Intel,Core i5,8 GB GB,128 GB,0 GB,Windows,Casual,Missing,Yes,52990
MICROSOFT,Surface,Intel,Core i5,8 GB GB,128 GB,0 GB,Windows,Casual,Missing,Yes,91999
Smartron,t.book,Intel,Core i5,4 GB GB,128 GB,0 GB,Windows,Casual,12.2,Yes,52990
HP,Pavilion,Intel,Core i5,8 GB GB,128 GB,0 GB,Windows,ThinNlight,13.3,No,76012
Lenovo,Ideapad,Intel,Core i5,8 GB GB,256 GB,0 GB,Windows,Casual,15.6,No,49490
lenovo,Yoga,Intel,Core i5,8 GB GB,0 GB,512 GB,DOS,Casual,Missing,No,102990
acer,Swift,Intel,Core i5,8 GB GB,256 GB,0 GB,Windows,ThinNlight,Missing,No,86867
LG,Gram,Intel,Core i5,8 GB GB,256 GB,0 GB,Windows,Casual,Missing,No,76990
LG,Gram,Intel,Core i5,8 GB GB,256 GB,0 GB,Windows,ThinNlight,Missing,No,76990
ASUS,VivoBook,Intel,Core i5,8 GB GB,256 GB,0 GB,Windows,ThinNlight,Missing,No,48990
LG,Gram,Intel,Core i5,8 GB GB,256 GB,0 GB,Windows,Casual,Missing,No,62990
DELL,Inspiron,Intel,Core i5,8 GB GB,256 GB,0 GB,Windows,ThinNlight,Missing,No,55990
acer,Swift,Intel,Core i5,8 GB GB,256 GB,0 GB,Windows,ThinNlight,Missing,Yes,81998
LG,Gram,Intel,Core i5,8 GB GB,256 GB,0 GB,Windows,ThinNlight,Missing,No,76990
HP,Spectre,Intel,Core i5,8 GB GB,256 GB,0 GB,Windows,Casual,Missing,Yes,136590
acer,Swift,Intel,Core i5,8 GB GB,256 GB,0 GB,Windows,ThinNlight,13.3,No,59490
ASUS,VivoBook14,Intel,Core i5,8 GB GB,256 GB,0 GB,Windows,ThinNlight,14.1,No,49800
Lenovo,Ideapad,Intel,Core i5,8 GB GB,256 GB,0 GB,Windows,Casual,15.6,No,61999
HP,Missing,Intel,Core i5,8 GB GB,512 GB,0 GB,Windows,ThinNlight,15.6,No,54990
HP,Missing,Intel,Core i5,8 GB GB,512 GB,0 GB,Windows,ThinNlight,15.6,No,53990
Lenovo,Ideapad,Intel,Core i5,8 GB GB,512 GB,0 GB,Windows,Casual,14,No,52990
HP,Pavilion,Intel,Core i5,16 GB GB,512 GB,0 GB,Windows,ThinNlight,14,No,67990
ASUS,TUF,Intel,Core i5,8 GB GB,512 GB,0 GB,Windows,Gaming,15.6,No,57990
Lenovo,Ideapad,Intel,Core i5,16 GB GB,512 GB,0 GB,Windows,ThinNlight,15.6,No,62300
realme,Book(Slim),Intel,Core i5,8 GB GB,512 GB,0 GB,Windows,Casual,14,No,52990
Lenovo,Missing,Intel,Core i5,8 GB GB,512 GB,0 GB,Windows,ThinNlight,15.6,No,52990
Lenovo,IdeaPad,Intel,Core i5,8 GB GB,512 GB,0 GB,Windows,ThinNlight,15.6,No,51990
Lenovo,IdeaPad,Intel,Core i5,16 GB GB,512 GB,0 GB,Windows,ThinNlight,14,No,61990
RedmiBook,Pro,Intel,Core i5,8 GB GB,512 GB,0 GB,Windows,ThinNlight,15.6,No,48990
ASUS,VivoBook,Intel,Core i5,8 GB GB,512 GB,0 GB,Windows,Casual,14,Yes,63990
Lenovo,ThinkPad,Intel,Core i5,8 GB GB,512 GB,0 GB,Windows,Casual,15.6,No,65990
Nokia,PureBook,Intel,Core i5,8 GB GB,512 GB,0 GB,Windows,ThinNlight,14,No,47990
acer,Aspire,Intel,Core i5,8 GB GB,512 GB,0 GB,Windows,ThinNlight,15.6,No,52990
Lenovo,IdeaPad,Intel,Core i5,8 GB GB,512 GB,0 GB,Windows,ThinNlight,15.6,No,49990
ASUS,ASUS,Intel,Core i5,8 GB GB,512 GB,0 GB,Windows,Gaming,17.3,No,71990
ASUS,VivoBook,Intel,Core i5,8 GB GB,512 GB,0 GB,Windows,Casual,15.6,No,47990
Nokia,PureBook,Intel,Core i5,8 GB GB,512 GB,0 GB,Windows,ThinNlight,14,No,45990
Lenovo,IdeaPad,Intel,Core i5,8 GB GB,512 GB,0 GB,Windows,ThinNlight,15.6,No,48490
ASUS,ASUS,Intel,Core i5,8 GB GB,512 GB,0 GB,Windows,Gaming,17.3,No,72990
MSI,Katana,Intel,Core i5,16 GB GB,512 GB,0 GB,Windows,Casual,15.6,No,76990
ASUS,TUF,Intel,Core i5,16 GB GB,512 GB,0 GB,Windows,Gaming,15.6,No,89990
MSI,GF63,Intel,Core i5,8 GB GB,512 GB,0 GB,Windows,Casual,15.6,No,59990
ASUS,TUF,Intel,Core i5,8 GB GB,512 GB,0 GB,Windows,Gaming,15.6,No,65990
DELL,Inspiron,Intel,Core i5,8 GB GB,512 GB,0 GB,Windows,Casual,14,Yes,71990
DELL,Inspiron,Intel,Core i5,8 GB GB,512 GB,0 GB,Windows,Casual,14,Yes,71890
Lenovo,IdeaPad,Intel,Core i5,16 GB GB,512 GB,0 GB,Windows,ThinNlight,15.6,No,64990
ASUS,VivoBook,Intel,Core i5,16 GB GB,512 GB,0 GB,Windows,Casual,14,No,65990
HP,Missing,Intel,Core i5,8 GB GB,512 GB,0 GB,Windows,ThinNlight,15.6,No,55999
ASUS,VivoBook,Intel,Core i5,16 GB GB,512 GB,0 GB,Windows,Casual,14,No,73490
HP,Pavilion,Intel,Core i5,16 GB GB,512 GB,0 GB,Windows,ThinNlight,14,No,74490
HP,Pavilion,Intel,Core i5,8 GB GB,512 GB,0 GB,Windows,ThinNlight,14,No,58340
acer,Aspire,Intel,Core i5,8 GB GB,512 GB,0 GB,Windows,ThinNlight,14,No,55999
DELL,Inspiron,Intel,Core i5,16 GB GB,512 GB,0 GB,Windows,ThinNlight,14,No,67990
ASUS,VivoBook,Intel,Core i5,16 GB GB,512 GB,0 GB,Windows,Casual,14,No,59990
ASUS,TUF,Intel,Core i5,16 GB GB,512 GB,0 GB,Windows,Casual,15.6,No,82990
DELL,Vostro,Intel,Core i5,8 GB GB,512 GB,0 GB,Windows,Casual,14,No,64190
DELL,Missing,Intel,Core i5,16 GB GB,512 GB,0 GB,Windows,ThinNlight,14,No,70090
realme,Book(Slim),Intel,Core i5,8 GB GB,512 GB,0 GB,Windows,Casual,14,No,60999
ASUS,Missing,Intel,Core i5,8 GB GB,512 GB,0 GB,Windows,ThinNlight,15.6,No,49990
MSI,Missing,Intel,Core i5,8 GB GB,512 GB,0 GB,Windows,ThinNlight,14,No,55490
HP,Spectre,Intel,Core i5,8 GB GB,512 GB,0 GB,Windows,Casual,13.3,Yes,97990
ASUS,VivoBook,Intel,Core i5,8 GB GB,512 GB,0 GB,Windows,Gaming,15.6,No,54990
Lenovo,Thinkbook,Intel,Core i5,8 GB GB,512 GB,0 GB,Windows,ThinNlight,15,No,59990
Lenovo,IdeaPad,Intel,Core i5,8 GB GB,512 GB,0 GB,Windows,ThinNlight,15.6,No,53990
HP,Pavilion,Intel,Core i5,16 GB GB,512 GB,0 GB,Windows,ThinNlight,14,No,66999
acer,Intel,Intel,Core i5,8 GB GB,512 GB,0 GB,Windows,ThinNlight,14,No,60990
ASUS,Missing,Intel,Core i5,8 GB GB,512 GB,0 GB,Windows,ThinNlight,15.6,No,47990
HP,Missing,Intel,Core i5,8 GB GB,512 GB,0 GB,Windows,ThinNlight,14,No,59999
DELL,G15,Intel,Core i5,16 GB GB,512 GB,0 GB,Windows,Casual,15.6,No,79990
ASUS,TUF,Intel,Core i5,8 GB GB,512 GB,0 GB,Windows,Gaming,15.6,No,63990
HP,Pavilion,Intel,Core i5,8 GB GB,512 GB,0 GB,Windows,ThinNlight,15.6,No,63990
ASUS,VivoBook,Intel,Core i5,16 GB GB,512 GB,0 GB,Windows,Casual,14,No,59990
Lenovo,IdeaPad,Intel,Core i5,8 GB GB,512 GB,0 GB,Windows,ThinNlight,14,No,55990
ASUS,VivoBook,Intel,Core i5,16 GB GB,512 GB,0 GB,Windows,Casual,14,No,59990
HP,Pavilion,Intel,Core i5,8 GB GB,512 GB,0 GB,Windows,ThinNlight,15.6,No,63990
DELL,Vostro,Intel,Core i5,16 GB GB,512 GB,0 GB,Windows,Casual,14,No,69490
DELL,Inspiron,Intel,Core i5,16 GB GB,512 GB,0 GB,Windows,Casual,14,Yes,89390
ASUS,ZenBook,Intel,Core i5,8 GB GB,512 GB,0 GB,Windows,ThinNlight,13.3,No,74990
Lenovo,Thinkbook,Intel,Core i5,8 GB GB,512 GB,0 GB,Windows,Casual,14,Yes,64990
Lenovo,Legion,Intel,Core i5,8 GB GB,512 GB,0 GB,Windows,Casual,15.6,No,66490
DELL,Inspiron,Intel,Core i5,16 GB GB,512 GB,0 GB,Windows,Casual,15.6,No,89702
Lenovo,Ideapad,Intel,Core i5,16 GB GB,512 GB,0 GB,Windows,Casual,15.6,No,70990
Infinix,INBook,Intel,Core i5,8 GB GB,512 GB,0 GB,Windows,ThinNlight,14,No,42490
ASUS,VivoBook,Intel,Core i5,16 GB GB,512 GB,0 GB,Windows,Casual,17.3,Yes,58990
Lenovo,Ideapad,Intel,Core i5,8 GB GB,512 GB,0 GB,Windows,Casual,15.6,No,57500
DELL,Inspiron,Intel,Core i5,8 GB GB,512 GB,0 GB,Windows,Casual,14,Yes,79990
MSI,Modern,Intel,Core i5,8 GB GB,512 GB,0 GB,Windows,Casual,14,No,56541
ASUS,Missing,Intel,Core i5,16 GB GB,512 GB,0 GB,Windows,ThinNlight,17.3,No,59990
Lenovo,ThinkBook,Intel,Core i5,16 GB GB,512 GB,0 GB,Windows,Casual,13,No,64990
DELL,Missing,Intel,Core i5,8 GB GB,512 GB,0 GB,Windows,ThinNlight,14,No,61290
Lenovo,Missing,Intel,Core i5,8 GB GB,512 GB,0 GB,Windows,ThinNlight,14,No,54990
Lenovo,ThinkBook,Intel,Core i5,8 GB GB,512 GB,0 GB,Windows,Casual,Missing,No,59990
ASUS,ASUS,Intel,Core i5,8 GB GB,512 GB,0 GB,Windows,Casual,16,No,84990
HP,Pavilion,Intel,Core i5,8 GB GB,512 GB,0 GB,Windows,ThinNlight,16,No,72500
Lenovo,IdeaPad,Intel,Core i5,8 GB GB,512 GB,0 GB,Windows,Gaming,Missing,No,59990
Lenovo,Yoga,Intel,Core i5,8 GB GB,512 GB,0 GB,Windows,Casual,16,Yes,87990
HP,14s,Intel,Core i5,8 GB GB,512 GB,0 GB,Windows,ThinNlight,Missing,No,57990
DELL,Inspiron,Intel,Core i5,8 GB GB,512 GB,0 GB,Windows,ThinNlight,16,No,69490
Lenovo,Thinkbook,Intel,Core i5,8 GB GB,512 GB,0 GB,Windows,Casual,16,Yes,68990
Lenovo,Missing,Intel,Core i5,8 GB GB,512 GB,0 GB,Windows,Casual,16,No,77990
ASUS,ZenBook,Intel,Core i5,8 GB GB,512 GB,0 GB,Windows,Casual,16,Yes,105990
MSI,Prestige,Intel,Core i5,8 GB GB,512 GB,0 GB,Windows,Casual,16,No,79990
DELL,Vostro,Intel,Core i5,8 GB GB,512 GB,0 GB,Windows,ThinNlight,Missing,No,55490
Lenovo,IdeaPad,Intel,Core i5,8 GB GB,512 GB,0 GB,Windows,ThinNlight,16,No,69990
ASUS,Zenbook,Intel,Core i5,8 GB GB,512 GB,0 GB,Windows,Casual,Missing,Yes,84990
DELL,Inspiron,Intel,Core i5,8 GB GB,512 GB,0 GB,Windows,ThinNlight,Missing,No,59990
DELL,XPS,Intel,Core i5,8 GB GB,512 GB,0 GB,Windows,ThinNlight,Missing,No,111890
DELL,Inspiron,Intel,Core i5,8 GB GB,512 GB,0 GB,Windows,Casual,Missing,No,65990
ASUS,Zenbook,Intel,Core i5,8 GB GB,512 GB,0 GB,Windows,Casual,Missing,No,72990
DELL,Inspiron,Intel,Core i5,8 GB GB,512 GB,0 GB,Windows,ThinNlight,16,No,71090
MSI,Katana,Intel,Core i5,8 GB GB,512 GB,0 GB,Windows,Casual,Missing,No,74990
ASUS,ZenBook,Intel,Core i5,8 GB GB,512 GB,0 GB,Windows,Casual,Missing,No,79990
MSI,Modern,Intel,Core i5,8 GB GB,512 GB,0 GB,Windows,Casual,Missing,No,55490
DELL,Vostro,Intel,Core i5,8 GB GB,512 GB,0 GB,Windows,ThinNlight,Missing,No,66490
ASUS,VivoBook,Intel,Core i5,8 GB GB,512 GB,0 GB,Windows,Casual,Missing,No,53400
DELL,Inspiron,Intel,Core i5,8 GB GB,512 GB,0 GB,Windows,Casual,Missing,Yes,74500
DELL,XPS,Intel,Core i5,8 GB GB,512 GB,0 GB,Windows,ThinNlight,16,No,114990
DELL,Vostro,Intel,Core i5,8 GB GB,512 GB,0 GB,Windows,ThinNlight,Missing,No,61990
APPLE,MacBook,Intel,Core i5,8 GB GB,512 GB,0 GB,Mac,Casual,16,No,159990
APPLE,MacBook,Intel,Core i5,8 GB GB,512 GB,0 GB,Mac,Casual,Missing,No,172090
MSI,Sword,Intel,Core i5,8 GB GB,512 GB,0 GB,Windows,Casual,Missing,No,74990
MSI,Modern,Intel,Core i5,8 GB GB,512 GB,0 GB,Windows,Casual,Missing,No,56490
Lenovo,ThinkPad,Intel,Core i5,8 GB GB,512 GB,0 GB,Windows,ThinNlight,16,No,147000
Lenovo,Ideapad,Intel,Core i5,8 GB GB,512 GB,0 GB,Windows,ThinNlight,Missing,No,55990
HP,Pavilion,Intel,Core i5,8 GB GB,512 GB,0 GB,Windows,Gaming,Missing,No,77990
HP,Envy,Intel,Core i5,8 GB GB,512 GB,0 GB,Windows,Casual,16,No,106490
Lenovo,IdeaPad,Intel,Core i5,8 GB GB,512 GB,0 GB,Windows,Casual,16,No,70990
Lenovo,ThinkPad,Intel,Core i5,8 GB GB,512 GB,0 GB,Windows,Casual,Missing,No,64990
acer,Aspire,Intel,Core i5,8 GB GB,512 GB,0 GB,Windows,Casual,Missing,No,57990
ASUS,TUF,Intel,Core i5,8 GB GB,512 GB,0 GB,Windows,Gaming,Missing,No,64990
MSI,Modern,Intel,Core i5,8 GB GB,512 GB,0 GB,Windows,Casual,Missing,No,54990
Vaio,SE,Intel,Core i5,8 GB GB,512 GB,0 GB,Windows,ThinNlight,Missing,No,62890
HP,Spectre,Intel,Core i5,8 GB GB,512 GB,0 GB,Windows,Casual,16,Yes,111999
Lenovo,Yoga,Intel,Core i5,8 GB GB,512 GB,0 GB,Windows,Casual,Missing,No,70798
Lenovo,Legion,Intel,Core i5,8 GB GB,512 GB,0 GB,Windows,Casual,Missing,No,59990
acer,ConceptD,Intel,Core i5,8 GB GB,512 GB,0 GB,Windows,Casual,Missing,No,99500
HP,14s,Intel,Core i5,8 GB GB,512 GB,0 GB,Windows,ThinNlight,Missing,No,55990
ASUS,ZenBook,Intel,Core i5,8 GB GB,512 GB,0 GB,Windows,ThinNlight,Missing,No,72990
acer,Swift,Intel,Core i5,8 GB GB,512 GB,0 GB,Windows,ThinNlight,Missing,No,64990
ASUS,Missing,Intel,Core i5,8 GB GB,512 GB,0 GB,Windows,ThinNlight,Missing,No,57990
HP,HP,Intel,Core i5,8 GB GB,512 GB,0 GB,Windows,Casual,16,Yes,76990
Lenovo,Ideapad,Intel,Core i5,8 GB GB,512 GB,0 GB,Windows,Casual,Missing,No,62998
DELL,Inspiron,Intel,Core i5,8 GB GB,512 GB,0 GB,Windows,Casual,16,Yes,77990
HP,Spectre,Intel,Core i5,8 GB GB,512 GB,0 GB,Windows,Casual,Missing,Yes,114990
DELL,DELL,Intel,Core i5,8 GB GB,512 GB,0 GB,Windows,Casual,Missing,No,65990
DELL,Inspiron,Intel,Core i5,8 GB GB,512 GB,0 GB,Windows,Casual,16,No,88990
Lenovo,X390,Intel,Core i5,8 GB GB,512 GB,0 GB,Windows,Casual,Missing,No,113590
Mi,Notebook,Intel,Core i5,8 GB GB,512 GB,0 GB,Windows,Casual,Missing,No,54990
ASUS,VivoBook,Intel,Core i5,8 GB GB,512 GB,0 GB,Windows,Casual,Missing,Yes,73990
LG,Gram,Intel,Core i5,8 GB GB,512 GB,0 GB,Windows,ThinNlight,Missing,No,86990
HP,Missing,Intel,Core i5,8 GB GB,512 GB,0 GB,Windows,ThinNlight,Missing,No,61000
ASUS,ZenBook,Intel,Core i5,8 GB GB,512 GB,0 GB,Windows,Casual,Missing,Yes,99990
Lenovo,ThinkPad,Intel,Core i5,8 GB GB,512 GB,0 GB,Windows,ThinNlight,Missing,No,67990
DELL,Inspiron,Intel,Core i5,8 GB GB,512 GB,0 GB,Windows,Casual,Missing,Yes,70799
Lenovo,ThinkPad,Intel,Core i5,8 GB GB,512 GB,0 GB,Windows,ThinNlight,Missing,No,65990
ASUS,VivoBook,Intel,Core i5,8 GB GB,512 GB,0 GB,Windows,ThinNlight,Missing,No,53690
MSI,Modern,Intel,Core i5,8 GB GB,512 GB,0 GB,Windows,ThinNlight,Missing,No,55990
ASUS,VivoBook,Intel,Core i5,8 GB GB,512 GB,0 GB,Windows,Casual,Missing,No,53190
Lenovo,IdeaPad,Intel,Core i5,8 GB GB,512 GB,0 GB,Windows,Casual,Missing,No,58999
DELL,Inspiron,Intel,Core i5,8 GB GB,512 GB,0 GB,Windows,ThinNlight,Missing,No,71990
HP,Missing,Intel,Core i5,8 GB GB,512 GB,0 GB,Windows,Casual,Missing,No,82000
ASUS,ZenBook,Intel,Core i5,8 GB GB,512 GB,0 GB,Windows,ThinNlight,16,No,84990
Lenovo,Thinpad,Intel,Core i5,8 GB GB,512 GB,0 GB,Windows,Casual,Missing,No,89998
ASUS,ZenBook,Intel,Core i5,8 GB GB,512 GB,0 GB,Windows,Casual,Missing,Yes,99990
ASUS,Zenbook,Intel,Core i5,8 GB GB,512 GB,0 GB,Windows,ThinNlight,Missing,No,84990
Lenovo,IdeaPad,Intel,Core i5,8 GB GB,512 GB,0 GB,Windows,Gaming,Missing,No,69899
DELL,Inpiron,Intel,Core i5,8 GB GB,512 GB,0 GB,Windows,Casual,Missing,No,79990
DELL,GAMING,Intel,Core i5,8 GB GB,512 GB,0 GB,Windows,Casual,Missing,No,76300
Lenovo,Ideapad,Intel,Core i5,8 GB GB,512 GB,0 GB,Windows,Casual,Missing,No,55999
DELL,Inspiron,Intel,Core i5,8 GB GB,512 GB,0 GB,Windows,ThinNlight,Missing,No,72900
DELL,Inspiron,Intel,Core i5,8 GB GB,512 GB,0 GB,Windows,Casual,Missing,Yes,73990
ASUS,ZenBook,Intel,Core i5,8 GB GB,512 GB,0 GB,Windows,ThinNlight,16,No,84990
DELL,Missing,Intel,Core i5,8 GB GB,512 GB,0 GB,Windows,Casual,16,No,73519
HP,Spectre,Intel,Core i5,8 GB GB,512 GB,0 GB,Windows,Casual,Missing,Yes,126000
lenovo,Yoga,Intel,Core i5,8 GB GB,0 GB,512 GB,DOS,Casual,Missing,No,171998
ASUS,ASUS,Intel,Core i5,8 GB GB,512 GB,0 GB,Windows,Casual,16,No,88990
HP,HP,Intel,Core i5,8 GB GB,512 GB,0 GB,Windows,ThinNlight,16,Yes,114999
DELL,Inspiron,Intel,Core i5,8 GB GB,512 GB,0 GB,Windows,Casual,16,Yes,82990
acer,Intel,Intel,Core i5,8 GB GB,512 GB,0 GB,Windows,ThinNlight,Missing,Yes,109999
Lenovo,Yoga,Intel,Core i5,8 GB GB,512 GB,0 GB,Windows,ThinNlight,16,Yes,82990
DELL,Inspiron,Intel,Core i5,8 GB GB,512 GB,0 GB,Windows,Casual,Missing,Yes,79990
ASUS,ZenBook,Intel,Core i5,8 GB GB,512 GB,0 GB,Windows,Casual,16,Yes,114990
HP,Spectre,Intel,Core i5,8 GB GB,512 GB,0 GB,Windows,Casual,16,Yes,129999
MSI,GS,Intel,Core i5,8 GB GB,512 GB,0 GB,Windows,Casual,Missing,No,149990
DELL,Inspiron,Intel,Core i5,8 GB GB,512 GB,0 GB,Windows,Casual,16,No,71290
DELL,Inspiron,Intel,Core i5,8 GB GB,512 GB,0 GB,Windows,ThinNlight,Missing,No,79500
DELL,Inspiron,Intel,Core i5,8 GB GB,512 GB,0 GB,Windows,Casual,Missing,No,82990
DELL,Inspiron,Intel,Core i5,8 GB GB,512 GB,0 GB,Windows,Casual,Missing,No,70980
ASUS,ZenBook,Intel,Core i5,8 GB GB,512 GB,0 GB,Windows,Casual,Missing,Yes,99990
HP,430,Intel,Core i5,8 GB GB,512 GB,0 GB,Windows,Casual,Missing,No,94000
DELL,Missing,Intel,Core i5,8 GB GB,512 GB,0 GB,Windows,Casual,16,Yes,82990
MSI,Prestige,Intel,Core i5,8 GB GB,512 GB,0 GB,Windows,Casual,16,No,79990
ASUS,Pro,Intel,Core i5,8 GB GB,512 GB,0 GB,Windows,ThinNlight,Missing,No,85990
ASUS,ExpertBook,Intel,Core i5,8 GB GB,512 GB,0 GB,Windows,Casual,Missing,No,86990
ASUS,ZenBook,Intel,Core i5,8 GB GB,512 GB,0 GB,Windows,Casual,Missing,No,105990
ASUS,ExpertBook,Intel,Core i5,8 GB GB,512 GB,0 GB,Windows,Casual,Missing,No,84990
Lenovo,Ideapad,Intel,Core i5,8 GB GB,512 GB,0 GB,Windows,Casual,Missing,No,59999
Lenovo,Yoga,Intel,Core i5,8 GB GB,512 GB,0 GB,Windows,Casual,16,No,91999
DELL,Inspiron,Intel,Core i5,8 GB GB,512 GB,0 GB,Windows,Casual,16,Yes,78900
ASUS,ExpertBook,Intel,Core i5,8 GB GB,512 GB,0 GB,Windows,Casual,Missing,No,132790
Nokia,PureBook,Intel,Core i5,16 GB GB,512 GB,0 GB,Windows,ThinNlight,14,No,55990
Lenovo,IdeaPad,Intel,Core i5,8 GB GB,512 GB,0 GB,Windows,Gaming,15.6,No,60990
Avita,Liber,Intel,Core i5,8 GB GB,512 GB,0 GB,Windows,ThinNlight,13.3,No,65556
DELL,Inspiron,Intel,Core i5,16 GB GB,512 GB,0 GB,Windows,ThinNlight,15.6,No,70190
DELL,Missing,Intel,Core i5,8 GB GB,512 GB,0 GB,Windows,Casual,14,Yes,79590
Avita,Liber,Intel,Core i5,8 GB GB,512 GB,0 GB,Windows,ThinNlight,13.3,No,65556
ASUS,TUF,Intel,Core i5,8 GB GB,512 GB,0 GB,Windows,Casual,15.6,No,76990
Nokia,PureBook,Intel,Core i5,8 GB GB,512 GB,0 GB,Windows,ThinNlight,14,No,52790
Avita,Liber,Intel,Core i5,8 GB GB,512 GB,0 GB,Windows,ThinNlight,13.3,No,65556
Avita,Liber,Intel,Core i5,8 GB GB,512 GB,0 GB,Windows,ThinNlight,14,No,44990
ASUS,Intel,Intel,Core i5,8 GB GB,512 GB,0 GB,Windows,Casual,13.3,Yes,84990
Lenovo,Ideapad,Intel,Core i5,8 GB GB,512 GB,0 GB,Windows,Casual,14,Yes,86999
HP,Pavilion,Intel,Core i5,16 GB GB,512 GB,0 GB,Windows,Casual,15.6,No,78000
Avita,Liber,Intel,Core i5,8 GB GB,512 GB,0 GB,Windows,ThinNlight,14,No,73063
Avita,Liber,Intel,Core i5,8 GB GB,512 GB,0 GB,Windows,ThinNlight,14,No,73063
HP,HP,Intel,Core i5,16 GB GB,512 GB,0 GB,Windows,Casual,14,No,100990
Lenovo,Ideapad,Intel,Core i5,8 GB GB,512 GB,0 GB,Windows,ThinNlight,13.3,No,74990
ASUS,ROG,Intel,Core i5,8 GB GB,512 GB,0 GB,Windows,Casual,15.6,No,75990
Lenovo,Missing,Intel,Core i5,8 GB GB,512 GB,0 GB,Windows,Casual,15.6,No,84086
ASUS,ASUS,Intel,Core i5,8 GB GB,1024 GB,0 GB,Windows,Gaming,15.6,No,75990
ASUS,TUF,Intel,Core i5,8 GB GB,1024 GB,0 GB,Windows,Gaming,17.3,No,77990
ASUS,ROG,Intel,Core i5,8 GB GB,1024 GB,0 GB,Windows,Casual,15.6,No,77990
APPLE,MacBook,Intel,Core i5,16 GB GB,1024 GB,0 GB,Mac,Casual,13,No,179990
APPLE,MacBook,Intel,Core i5,16 GB GB,1024 GB,0 GB,Mac,Casual,13,No,179990
ASUS,ROG,Intel,Core i5,8 GB GB,1024 GB,0 GB,Windows,Casual,Missing,No,82990
ASUS,TUF,Intel,Core i5,8 GB GB,1024 GB,0 GB,Windows,Casual,16,No,87990
ASUS,F17,Intel,Core i5,8 GB GB,1024 GB,0 GB,Windows,Casual,Missing,No,84500
DELL,Inspiron,Intel,Core i5,8 GB GB,1024 GB,0 GB,Windows,ThinNlight,13.3,No,74190
Lenovo,ThinkBook,Intel,Core i5,8 GB GB,1024 GB,0 GB,Windows,ThinNlight,13.3,No,64990
Lenovo,ThinkPad,Intel,Core i5,8 GB GB,512 GB,512 GB,Windows,ThinNlight,16,Yes,155411
Lenovo,ThinkPad,Intel,Core i5,8 GB GB,512 GB,512 GB,Windows,ThinNlight,Missing,Yes,125394
acer,Aspire,Intel,Core i5,8 GB GB,0 GB,1024 GB,Windows,Casual,15.6,No,49990
acer,Aspire,Intel,Core i5,8 GB GB,0 GB,1024 GB,Windows,ThinNlight,14,No,46990
DELL,Vostro,Intel,Core i5,8 GB GB,0 GB,1024 GB,Windows,ThinNlight,14,No,48990
acer,Aspire,Intel,Core i5,8 GB GB,0 GB,1024 GB,Windows,Casual,Missing,No,59999
ASUS,VivoBook,Intel,Core i5,8 GB GB,0 GB,1024 GB,Windows,ThinNlight,Missing,No,46990
MSI,GF63,Intel,Core i5,8 GB GB,0 GB,1024 GB,Windows,Casual,Missing,No,52990
Lenovo,Missing,Intel,Core i5,8 GB GB,0 GB,1024 GB,Windows,Casual,Missing,No,57999
Lenovo,B50-70,Intel,Core i5,8 GB GB,0 GB,1024 GB,Windows,Casual,Missing,No,52490
Lenovo,Ideapad,Intel,Core i5,8 GB GB,0 GB,1024 GB,Windows,Casual,Missing,No,56990
acer,Aspire,Intel,Core i5,8 GB GB,0 GB,1024 GB,Windows,ThinNlight,Missing,No,61990
DELL,Missing,Intel,Core i5,8 GB GB,0 GB,1024 GB,Windows,Casual,Missing,No,58090
ASUS,ExpertBook,Intel,Core i5,8 GB GB,0 GB,1024 GB,Windows,Casual,Missing,No,56990
acer,Aspire,Intel,Core i5,8 GB GB,0 GB,1024 GB,Windows,ThinNlight,Missing,No,61597
ASUS,Pro,Intel,Core i5,8 GB GB,0 GB,1024 GB,Windows,ThinNlight,Missing,No,81990
ASUS,ExpertBook,Intel,Core i5,8 GB GB,0 GB,1024 GB,Windows,Casual,Missing,No,61249
DELL,Missing,Intel,Core i5,8 GB GB,0 GB,1024 GB,Windows,Casual,Missing,No,58990
ASUS,ExpertBook,Intel,Core i5,8 GB GB,0 GB,1024 GB,Windows,Casual,Missing,No,83990
MSI,GE76,Intel,Core i5,8 GB GB,0 GB,512 GB,DOS,Casual,Missing,No,291190
MSI,GP65,Intel,Core i5,8 GB GB,0 GB,512 GB,DOS,Casual,Missing,No,145990
MSI,GP76,Intel,Core i5,8 GB GB,0 GB,512 GB,DOS,Casual,Missing,No,179990
HP,Pavilion,Intel,Core i5,8 GB GB,0 GB,1024 GB,Windows,Casual,15.6,No,64990
HP,15q,Intel,Core i5,8 GB GB,0 GB,1024 GB,Windows,Casual,15.6,No,46790
HP,Missing,Intel,Core i5,4 GB GB,0 GB,1024 GB,Windows,Casual,15.6,No,44599
acer,Swift,Intel,Core i5,8 GB GB,0 GB,1024 GB,Windows,Casual,15.6,No,72964
HP,250,Intel,Core i5,8 GB GB,0 GB,1024 GB,Windows,Casual,15.6,No,48790
acer,Aspire,Intel,Core i5,8 GB GB,0 GB,1024 GB,Windows,Casual,15.6,No,56491
ASUS,VivoBook,Intel,Core i5,8 GB GB,256 GB,1024 GB,Windows,Casual,15.6,No,50990
ASUS,VivoBook,Intel,Core i5,8 GB GB,256 GB,1024 GB,Windows,Gaming,15.6,No,55990
acer,Aspire,Intel,Core i5,8 GB GB,256 GB,1024 GB,Windows,Casual,15.6,No,57990
ASUS,VivoBook,Intel,Core i5,8 GB GB,256 GB,1024 GB,Windows,Casual,15.6,No,52990
DELL,Inspiron,Intel,Core i5,8 GB GB,256 GB,1024 GB,Windows,Casual,15.6,No,57990
acer,Aspire,Intel,Core i5,8 GB GB,256 GB,1024 GB,Windows,ThinNlight,15.6,No,56990
acer,Travelmate,Intel,Core i5,8 GB GB,256 GB,1024 GB,Windows,Casual,14,No,55490
DELL,Inspiron,Intel,Core i5,8 GB GB,256 GB,1024 GB,Windows,Casual,15.6,No,62490
ASUS,VivoBook,Intel,Core i5,16 GB GB,256 GB,1024 GB,Windows,Casual,15.6,No,64990
Lenovo,Ideapad,Intel,Core i5,8 GB GB,256 GB,1024 GB,Windows,Casual,15.6,No,59990
ASUS,VivoBook,Intel,Core i5,8 GB GB,256 GB,1024 GB,Windows,Casual,15.6,No,60190
ASUS,VivoBook,Intel,Core i5,8 GB GB,256 GB,1024 GB,Windows,Gaming,15.6,No,54490
Lenovo,Legion,Intel,Core i5,8 GB GB,256 GB,1024 GB,Windows,Casual,15.6,No,60990
DELL,Inspiron,Intel,Core i5,4 GB GB,256 GB,1024 GB,Windows,ThinNlight,14.9,No,55790
ASUS,VivoBook,Intel,Core i5,16 GB GB,256 GB,1024 GB,Windows,Casual,15.6,No,64990
ASUS,Missing,Intel,Core i5,16 GB GB,256 GB,1024 GB,Windows,ThinNlight,17.3,No,58990
DELL,Vostro,Intel,Core i5,8 GB GB,256 GB,1024 GB,Windows,ThinNlight,14,No,54990
HP,Pavilion,Intel,Core i5,8 GB GB,256 GB,1024 GB,Windows,Gaming,15.6,No,71990
DELL,3511,Intel,Core i5,8 GB GB,256 GB,1024 GB,Windows,Casual,15.6,No,69900
Lenovo,Ideapad,Intel,Core i5,8 GB GB,256 GB,1024 GB,Windows,Casual,15.6,No,65990
ASUS,VivoBook,Intel,Core i5,8 GB GB,256 GB,1024 GB,Windows,Casual,Missing,No,49990
DELL,Vostro,Intel,Core i5,8 GB GB,256 GB,1024 GB,Windows,ThinNlight,Missing,No,58990
Lenovo,IdeaPad,Intel,Core i5,8 GB GB,256 GB,1024 GB,Windows,Gaming,Missing,No,74590
ASUS,Missing,Intel,Core i5,8 GB GB,256 GB,1024 GB,Windows,Casual,Missing,No,58990
ASUS,VivoBook,Intel,Core i5,8 GB GB,256 GB,1024 GB,Windows,Casual,Missing,No,64990
DELL,Inspiron,Intel,Core i5,8 GB GB,256 GB,1024 GB,Windows,Casual,Missing,No,66490
DELL,G3,Intel,Core i5,8 GB GB,256 GB,1024 GB,Windows,Casual,Missing,No,77900
DELL,Inspiron,Intel,Core i5,8 GB GB,256 GB,1024 GB,Windows,Casual,Missing,No,67490
DELL,Vostro,Intel,Core i5,8 GB GB,256 GB,1024 GB,Windows,ThinNlight,Missing,No,61990
DELL,Inspiron,Intel,Core i5,8 GB GB,256 GB,1024 GB,Windows,Casual,Missing,No,58990
Lenovo,IdeaPad,Intel,Core i5,8 GB GB,256 GB,1024 GB,Windows,Gaming,Missing,No,74999
ASUS,VivoBook,Intel,Core i5,8 GB GB,256 GB,1024 GB,Windows,Casual,Missing,No,68900
DELL,Inspiron,Intel,Core i5,8 GB GB,256 GB,1024 GB,Windows,Casual,15.6,No,71695
acer,Travelmate,Intel,Core i5,16 GB GB,256 GB,1024 GB,Windows,Casual,14,No,62490
DELL,Inspiron,Intel,Core i5,8 GB GB,0 GB,2048 GB,Windows,Casual,15.6,No,62317
MSI,GS66,Intel,Core i5,8 GB GB,0 GB,512 GB,DOS,Casual,Missing,No,207290
DELL,Inspiron,Intel,Core i7,16 GB GB,256 GB,0 GB,Windows,Casual,Missing,No,87990
Avita,Liber,Intel,Core i7,8 GB GB,256 GB,0 GB,Windows,ThinNlight,14,No,73990
Avita,Liber,Intel,Core i7,8 GB GB,256 GB,0 GB,Windows,ThinNlight,14,No,73990
Avita,Liber,Intel,Core i7,8 GB GB,256 GB,0 GB,Windows,ThinNlight,14,No,73990
Avita,Liber,Intel,Core i7,8 GB GB,256 GB,0 GB,Windows,ThinNlight,14,No,73990
Avita,Liber,Intel,Core i7,8 GB GB,256 GB,0 GB,Windows,ThinNlight,14,No,73990
Avita,Liber,Intel,Core i7,8 GB GB,256 GB,0 GB,Windows,ThinNlight,14,No,73990
ASUS,VivoBook,Intel,Core i7,16 GB GB,512 GB,0 GB,Windows,Casual,15.6,No,57990
ASUS,VivoBook,Intel,Core i7,8 GB GB,512 GB,0 GB,Windows,Gaming,15.6,No,61990
MSI,GF63,Intel,Core i7,16 GB GB,512 GB,0 GB,Windows,Casual,15.6,No,79990
Lenovo,IdeaPad,Intel,Core i7,8 GB GB,512 GB,0 GB,Windows,Gaming,15.6,No,68990
Mi,Notebook,Intel,Core i7,8 GB GB,512 GB,0 GB,Windows,Casual,14,No,59490
Lenovo,IdeaPad,Intel,Core i7,16 GB GB,512 GB,0 GB,Windows,Casual,14,Yes,85990
Lenovo,Legion,Intel,Core i7,16 GB GB,512 GB,0 GB,Windows,Casual,15.6,No,99990
Infinix,X1,Intel,Core i7,16 GB GB,512 GB,0 GB,Windows,Casual,14,No,54990
ASUS,VivoBook,Intel,Core i7,8 GB GB,512 GB,0 GB,Windows,Casual,14,No,77990
Lenovo,IdeaPad,Intel,Core i7,8 GB GB,512 GB,0 GB,Windows,Gaming,15.6,No,79990
HP,Pavilion,Intel,Core i7,16 GB GB,512 GB,0 GB,Windows,Casual,15.6,No,93190
ASUS,ZenBook,Intel,Core i7,16 GB GB,512 GB,0 GB,Windows,Casual,13.3,No,94990
Lenovo,Thinkbook,Intel,Core i7,16 GB GB,512 GB,0 GB,Windows,Casual,14,Yes,84990
MSI,Missing,Intel,Core i7,8 GB GB,512 GB,0 GB,Windows,ThinNlight,14,No,57990
HP,Envy,Intel,Core i7,16 GB GB,512 GB,0 GB,Windows,Casual,13.3,Yes,102990
DELL,Missing,Intel,Core i7,16 GB GB,512 GB,0 GB,Windows,Casual,16,No,99990
ASUS,ASUS,Intel,Core i7,16 GB GB,512 GB,0 GB,Windows,Gaming,16,No,94990
HP,Envy,Intel,Core i7,16 GB GB,512 GB,0 GB,Windows,Casual,16,Yes,104000
MSI,Missing,Intel,Core i7,16 GB GB,512 GB,0 GB,Windows,Casual,Missing,No,76990
HP,Pavilion,Intel,Core i7,16 GB GB,512 GB,0 GB,Windows,Gaming,16,No,90190
Lenovo,Missing,Intel,Core i7,16 GB GB,512 GB,0 GB,Windows,Casual,16,Yes,88488
MSI,Prestige,Intel,Core i7,16 GB GB,512 GB,0 GB,Windows,Casual,16,No,109990
MSI,Sword,Intel,Core i7,16 GB GB,512 GB,0 GB,Windows,Casual,Missing,No,86990
MSI,Prestige,Intel,Core i7,16 GB GB,512 GB,0 GB,Windows,Casual,16,No,89990
HP,Spectre,Intel,Core i7,16 GB GB,512 GB,0 GB,Windows,Casual,16,Yes,239759
ASUS,VivoBook,Intel,Core i7,16 GB GB,512 GB,0 GB,Windows,Casual,Missing,No,78990
DELL,XPS,Intel,Core i7,16 GB GB,512 GB,0 GB,Windows,ThinNlight,16,No,121890
ASUS,ZenBook,Intel,Core i7,16 GB GB,512 GB,0 GB,Windows,ThinNlight,Missing,No,85990
MSI,Katana,Intel,Core i7,16 GB GB,512 GB,0 GB,Windows,Casual,16,No,94990
HP,Pavilion,Intel,Core i7,16 GB GB,512 GB,0 GB,Windows,Gaming,16,No,92000
HP,Spectre,Intel,Core i7,16 GB GB,512 GB,0 GB,Windows,Casual,16,Yes,162990
DELL,XPS,Intel,Core i7,16 GB GB,512 GB,0 GB,Windows,ThinNlight,16,No,135300
MSI,Modern,Intel,Core i7,16 GB GB,512 GB,0 GB,Windows,Casual,Missing,No,64990
Lenovo,ThinkPad,Intel,Core i7,16 GB GB,512 GB,0 GB,Windows,ThinNlight,16,No,174527
Lenovo,ThinkPad,Intel,Core i7,16 GB GB,512 GB,0 GB,Windows,ThinNlight,Missing,No,162299
DELL,Inspiron,Intel,Core i7,16 GB GB,512 GB,0 GB,Windows,Casual,Missing,Yes,109190
HP,Pavilion,Intel,Core i7,16 GB GB,512 GB,0 GB,Windows,Casual,16,Yes,99999
MSI,Prestige,Intel,Core i7,16 GB GB,512 GB,0 GB,Windows,Casual,16,No,104990
ASUS,Missing,Intel,Core i7,16 GB GB,512 GB,0 GB,Windows,ThinNlight,16,Yes,109990
ASUS,ZenBook,Intel,Core i7,16 GB GB,512 GB,0 GB,Windows,ThinNlight,16,No,99990
Lenovo,Missing,Intel,Core i7,16 GB GB,512 GB,0 GB,Windows,ThinNlight,16,No,244801
ASUS,ZenBook,Intel,Core i7,16 GB GB,512 GB,0 GB,Windows,ThinNlight,16,No,94990
Lenovo,Ideapad,Intel,Core i7,16 GB GB,512 GB,0 GB,Windows,ThinNlight,Missing,No,86000
Lenovo,Missing,Intel,Core i7,16 GB GB,512 GB,0 GB,Windows,Casual,16,No,162399
HP,Missing,Intel,Core i7,16 GB GB,512 GB,0 GB,Windows,Casual,Missing,No,119599
Lenovo,Missing,Intel,Core i7,16 GB GB,512 GB,0 GB,Windows,ThinNlight,16,No,211753
Lenovo,Intel,Intel,Core i7,16 GB GB,512 GB,0 GB,Windows,Casual,14,No,110999
DELL,Missing,Intel,Core i7,16 GB GB,512 GB,0 GB,Windows,Casual,15.6,No,99990
ASUS,ZenBook,Intel,Core i7,8 GB GB,512 GB,0 GB,Windows,ThinNlight,13.3,No,81990
MSI,GF63,Intel,Core i7,8 GB GB,512 GB,0 GB,Windows,Casual,15.6,No,66990
MSI,GF65,Intel,Core i7,16 GB GB,1024 GB,0 GB,Windows,Casual,15.6,No,84990
ASUS,Zenbook,Intel,Core i7,16 GB GB,1024 GB,0 GB,Windows,Casual,14,Yes,104990
ASUS,ZenBook,Intel,Core i7,16 GB GB,1024 GB,0 GB,Windows,Casual,14,Yes,134990
ASUS,ASUS,Intel,Core i7,16 GB GB,1024 GB,0 GB,Windows,Gaming,15.6,No,98990
HP,Envy,Intel,Core i7,16 GB GB,1024 GB,0 GB,Windows,Casual,15.6,No,144690
ASUS,ZenBook,Intel,Core i7,16 GB GB,1024 GB,0 GB,Windows,ThinNlight,13.3,No,99990
MSI,Stealth,Intel,Core i7,16 GB GB,1024 GB,0 GB,Windows,Casual,16,No,119990
ASUS,Zephyrus,Intel,Core i7,16 GB GB,1024 GB,0 GB,Windows,Casual,16,No,194990
ASUS,ZenBook,Intel,Core i7,16 GB GB,1024 GB,0 GB,Windows,Casual,16,No,124990
DELL,Inspiron,Intel,Core i7,16 GB GB,1024 GB,0 GB,Windows,Casual,16,No,122410
HP,Spectre,Intel,Core i7,16 GB GB,1024 GB,0 GB,Windows,Casual,16,Yes,179990
MSI,Summit,Intel,Core i7,16 GB GB,1024 GB,0 GB,Windows,Casual,16,Yes,154990
Lenovo,Yoga,Intel,Core i7,16 GB GB,1024 GB,0 GB,Windows,Casual,16,No,122990
ASUS,Missing,Intel,Core i7,16 GB GB,1024 GB,0 GB,Windows,Casual,Missing,Yes,224990
MSI,Stealth,Intel,Core i7,16 GB GB,1024 GB,0 GB,Windows,Casual,Missing,No,279990
HP,OMEN,Intel,Core i7,16 GB GB,1024 GB,0 GB,Windows,Casual,16,No,121990
HP,OMEN,Intel,Core i7,16 GB GB,1024 GB,0 GB,Windows,Casual,16,No,116990
Lenovo,Legion,Intel,Core i7,16 GB GB,1024 GB,0 GB,Windows,Casual,16,No,151098
MSI,Pulse,Intel,Core i7,16 GB GB,1024 GB,0 GB,Windows,Casual,16,No,129990
HP,Spectre,Intel,Core i7,16 GB GB,1024 GB,0 GB,Windows,Casual,16,Yes,149999
MSI,Missing,Intel,Core i7,16 GB GB,1024 GB,0 GB,Windows,Casual,16,No,139990
acer,Predator,Intel,Core i7,16 GB GB,1024 GB,0 GB,Windows,Casual,16,No,129990
HP,OMEN,Intel,Core i7,16 GB GB,1024 GB,0 GB,Windows,Casual,16,No,171990
DELL,Inspiron,Intel,Core i7,16 GB GB,1024 GB,0 GB,Windows,Casual,16,No,93955
ASUS,ROG,Intel,Core i7,16 GB GB,1024 GB,0 GB,Windows,Casual,Missing,No,234990
HP,Spectre,Intel,Core i7,16 GB GB,1024 GB,0 GB,Windows,Casual,16,Yes,128500
Lenovo,Yoga,Intel,Core i7,16 GB GB,1024 GB,0 GB,Windows,Casual,16,Yes,102990
ASUS,ZenBook,Intel,Core i7,16 GB GB,1024 GB,0 GB,Windows,Casual,16,Yes,119990
ASUS,Missing,Intel,Core i7,16 GB GB,1024 GB,0 GB,Windows,Casual,16,No,120980
ASUS,Zephyrus,Intel,Core i7,16 GB GB,1024 GB,0 GB,Windows,Casual,16,No,157249
Lenovo,Missing,Intel,Core i7,16 GB GB,1024 GB,0 GB,Windows,ThinNlight,16,No,229900
ASUS,ASUS,Intel,Core i7,16 GB GB,1024 GB,0 GB,Windows,Casual,16,No,131500
ASUS,ExpertBook,Intel,Core i7,16 GB GB,1024 GB,0 GB,Windows,Casual,16,No,154990
ASUS,ExpertBook,Intel,Core i7,16 GB GB,1024 GB,0 GB,Windows,Casual,16,No,165990
Lenovo,Yoga,Intel,Core i7,16 GB GB,1024 GB,0 GB,Windows,ThinNlight,16,No,119990
ASUS,ExpertBook,Intel,Core i7,16 GB GB,1024 GB,0 GB,Windows,Casual,16,No,167990
HP,Spectre,Intel,Core i7,16 GB GB,1024 GB,0 GB,Windows,Casual,16,Yes,165000
Avita,Liber,Intel,Core i7,16 GB GB,1024 GB,0 GB,Windows,ThinNlight,14,No,62990
Lenovo,ThinkBook,Intel,Core i7,16 GB GB,1024 GB,0 GB,Windows,Casual,13,No,85990
HP,HP,Intel,Core i7,16 GB GB,1024 GB,0 GB,Windows,Casual,13.3,No,94990
HP,Omen,Intel,Core i7,16 GB GB,1024 GB,0 GB,Windows,Casual,16.1,No,136990
Lenovo,Legion,Intel,Core i7,16 GB GB,1024 GB,0 GB,Windows,Casual,15.6,No,234990
acer,Predator,Intel,Core i7,16 GB GB,2048 GB,0 GB,Windows,Casual,16,No,159990
ASUS,ExpertBook,Intel,Core i7,16 GB GB,2048 GB,0 GB,Windows,Casual,16,No,233990
ASUS,ExpertBook,Intel,Core i7,16 GB GB,0 GB,1024 GB,Windows,Casual,Missing,No,93990
HP,15,Intel,Core i7,16 GB GB,128 GB,1024 GB,Windows,Casual,Missing,No,116941
MSI,GF63,Intel,Core i7,8 GB GB,256 GB,1024 GB,Windows,Casual,15.6,No,63990
ASUS,VivoBook,Intel,Core i7,16 GB GB,256 GB,1024 GB,Windows,Gaming,15.6,No,66990
ASUS,Missing,Intel,Core i7,16 GB GB,256 GB,1024 GB,Windows,ThinNlight,Missing,No,82500
acer,Predator,Intel,Core i7,16 GB GB,256 GB,1024 GB,Windows,Casual,16,No,119990
MSI,WF65,Intel,Core i7,16 GB GB,256 GB,1024 GB,Windows,Casual,16,No,159990
ASUS,Pro,Intel,Core i7,16 GB GB,256 GB,1024 GB,Windows,ThinNlight,Missing,No,98912
acer,Predator,Intel,Core i7,16 GB GB,512 GB,1024 GB,Windows,Casual,15.6,No,92990
acer,Predator,Intel,Core i7,16 GB GB,512 GB,1024 GB,Windows,Casual,15.6,No,119990
acer,Predator,Intel,Core i9,32 GB GB,1024 GB,0 GB,Windows,Casual,15.6,No,169990
acer,Predator,Intel,Core i9,16 GB GB,1024 GB,0 GB,Windows,Casual,15.6,No,139990
MSI,Creator,Intel,Core i9,16 GB GB,1024 GB,0 GB,Windows,Casual,16,No,192990
ASUS,ROG,Intel,Core i9,16 GB GB,1024 GB,0 GB,Windows,Casual,Missing,No,299990
ASUS,Missing,Intel,Core i9,16 GB GB,1024 GB,0 GB,Windows,Casual,Missing,Yes,269990
ASUS,ASUS,Intel,Core i9,16 GB GB,1024 GB,0 GB,Windows,Gaming,15.6,No,139990
Lenovo,Missing,Intel,Core i9,16 GB GB,1024 GB,0 GB,Windows,Casual,15.6,No,265998
ASUS,Zephyrus,Intel,Core i9,16 GB GB,3072 GB,0 GB,Windows,Casual,Missing,No,441990
Smartron,t.book,Intel,Core m3,4 GB GB,128 GB,0 GB,Windows,Casual,12.2,Yes,42990
MSI,Katana,Intel,Core i5,8 GB GB,0 GB,512 GB,DOS,Casual,Missing,No,86990
acer,Aspire,AMD,Dual Core,4 GB GB,256 GB,0 GB,Windows,Casual,Missing,No,29990
acer,Dual,AMD,Dual Core,4 GB GB,256 GB,0 GB,Windows,Casual,Missing,No,31990
MSI,Pulse,Intel,Core i5,8 GB GB,0 GB,512 GB,DOS,Casual,Missing,No,109990
MSI,Pulse,Intel,Core i5,8 GB GB,0 GB,512 GB,DOS,Casual,Missing,No,109590
ASUS,ROG,Intel,Core i7,16 GB GB,0 GB,512 GB,DOS,Casual,Missing,No,146490
HP,Chromebook,Intel,Dual Core,4 GB GB,0 GB,512 GB,DOS,Casual,Missing,No,61745
ASUS,ZenBook,Intel,Ever Screenpad,4 GB GB,0 GB,512 GB,DOS,Casual,Missing,No,209690
ASUS,ZenBook,Intel,Ever Screenpad,4 GB GB,0 GB,512 GB,DOS,Casual,Missing,No,175190
ALIENWARE,Missing,Intel,GeForce GTX,8 GB GB,0 GB,512 GB,DOS,Casual,15.6,No,199990
DELL,G15,Intel,GeForce GTX,8 GB GB,0 GB,512 GB,DOS,Casual,15.6,No,75500
ALIENWARE,Missing,Intel,GeForce RTX,8 GB GB,0 GB,512 GB,DOS,Casual,15.6,No,345390
ALIENWARE,Missing,Intel,GeForce RTX,8 GB GB,0 GB,512 GB,DOS,Casual,15.6,No,214790
ALIENWARE,Missing,Intel,GeForce RTX,8 GB GB,0 GB,512 GB,DOS,Casual,15.6,No,269290
DELL,G15,Intel,GEFORCE RTX,4 GB GB,0 GB,512 GB,DOS,Casual,Missing,No,95990
MSI,GF65,Intel,Hexa Core,16 GB GB,512 GB,0 GB,Windows,Casual,15.6,No,76990
MSI,GF63,Intel,Hexa Core,8 GB GB,256 GB,1024 GB,Windows,Casual,15.6,No,55990
APPLE,MacBook,M1,M1,8 GB GB,256 GB,0 GB,Mac,Casual,13.3,No,85990
APPLE,MacBook,M1,M1,8 GB GB,256 GB,0 GB,Mac,Casual,13.3,No,112990
APPLE,MacBook,M1,M1,16 GB GB,256 GB,0 GB,Mac,Casual,13.3,No,104990
APPLE,MacBook,M1,M1,8 GB GB,256 GB,0 GB,Mac,Casual,13.3,No,112990
APPLE,MacBook,M1,M1,16 GB GB,256 GB,0 GB,Mac,Casual,13.3,No,132990
APPLE,MacBook,M1,M1,16 GB GB,256 GB,0 GB,Mac,Casual,13.3,No,104990
APPLE,MacBook,M1,M1,8 GB GB,256 GB,0 GB,Mac,Casual,13.3,No,85990
APPLE,MacBook,M1,M1,16 GB GB,512 GB,0 GB,Mac,Casual,13.3,No,149990
APPLE,MacBook,M1,M1,8 GB GB,512 GB,0 GB,Mac,Casual,13.3,No,125990
APPLE,MacBook,M1,M1,8 GB GB,512 GB,0 GB,Mac,Casual,13.3,No,103990
APPLE,MacBook,M1,M1,8 GB GB,512 GB,0 GB,Mac,Casual,13.3,No,101990
APPLE,MacBook,M1,M1,8 GB GB,512 GB,0 GB,Mac,Casual,13.3,No,104990
APPLE,MacBook,M1,M1,8 GB GB,512 GB,0 GB,Mac,Casual,13.3,No,131990
APPLE,MacBook,M1,M1,16 GB GB,512 GB,0 GB,Mac,Casual,13.3,No,128990
APPLE,MacBook,M1,M1,16 GB GB,512 GB,0 GB,Mac,Casual,14.2,No,184990
APPLE,MacBook,M1,M1,16 GB GB,512 GB,0 GB,Mac,Casual,16.2,No,225990
APPLE,MacBook,M1,M1,4 GB GB,512 GB,0 GB,Mac,Casual,16,No,124990
APPLE,MacBook,M1,M1,8 GB GB,512 GB,0 GB,Mac,Casual,13.3,No,104990
APPLE,MacBook,M1,M1,8 GB GB,1024 GB,0 GB,Mac,Casual,13.3,No,149990
APPLE,MacBook,M1,M1,16 GB GB,1024 GB,0 GB,Mac,Casual,13.3,No,169990
APPLE,MacBook,M1,M1,16 GB GB,1024 GB,0 GB,Mac,Casual,14.2,No,225990
APPLE,MacBook,M1,M1,16 GB GB,1024 GB,0 GB,Mac,Casual,16.2,No,243990
APPLE,MacBook,M1,M1,32 GB GB,1024 GB,0 GB,Mac,Casual,16.2,No,309990
APPLE,MacBook,M1,M1,16 GB GB,1024 GB,0 GB,Mac,Casual,14.2,No,225990
DELL,G7,Intel,GeForce RTX,8 GB GB,0 GB,512 GB,DOS,Casual,15.6,No,179990
acer,Missing,Intel,Genuine Windows,4 GB GB,128 GB,0 GB,DOS,Casual,Missing,No,116640
acer,Predator,Intel,Genuine Windows,4 GB GB,0 GB,512 GB,DOS,Casual,Missing,No,129999
ASUS,ASUS,Intel,Pentium Quad,4 GB GB,0 GB,512 GB,Windows,Casual,Missing,No,45990
iball,CompBook,Intel,Pentium Quad,4 GB GB,0 GB,512 GB,Windows,Casual,Missing,No,13990
ASUS,Pentium,Intel,Pentium Quad,4 GB GB,128 GB,0 GB,Windows,Casual,Missing,Yes,58100
ASUS,ASUS,Intel,Pentium Quad,8 GB GB,256 GB,0 GB,Windows,Casual,13.3,Yes,62990
HP,Pentium,Intel,Pentium Quad,8 GB GB,256 GB,0 GB,Windows,ThinNlight,14,No,32990
ASUS,VivoBook,Intel,Pentium Quad,4 GB GB,256 GB,0 GB,Windows,ThinNlight,Missing,No,33990
acer,Extensa,Intel,Pentium Quad,4 GB GB,256 GB,0 GB,Windows,Casual,Missing,No,30990
DELL,Inspiron,Intel,Pentium Quad,4 GB GB,256 GB,0 GB,Windows,ThinNlight,Missing,No,36000
ASUS,VivoBook,Intel,Pentium Quad,4 GB GB,256 GB,0 GB,Windows,ThinNlight,Missing,No,32990
DELL,Inspiron,Intel,Pentium Quad,4 GB GB,256 GB,0 GB,Windows,Casual,15.6,No,35990
ASUS,Pentium,Intel,Pentium Quad,4 GB GB,0 GB,1024 GB,Windows,Casual,15.6,No,27990
ASUS,Pentium,Intel,Pentium Quad,4 GB GB,0 GB,1024 GB,Windows,Casual,15.6,No,25990
ASUS,Pentium,Intel,Pentium Quad,4 GB GB,0 GB,1024 GB,Windows,Casual,15.6,No,25990
ASUS,Asus,Intel,Pentium Quad,4 GB GB,0 GB,1024 GB,Windows,Casual,15.6,No,30780
ASUS,VivoBook,Intel,Pentium Silver,4 GB GB,256 GB,0 GB,Windows,ThinNlight,14,No,29990
ASUS,EeeBook,Intel,Pentium Silver,4 GB GB,256 GB,0 GB,Windows,ThinNlight,Missing,No,31990
Lenovo,Legion,Intel,Genuine Windows,4 GB GB,0 GB,512 GB,DOS,Casual,Missing,No,77890
HP,Ryzen,AMD,Ryzen 3,8 GB GB,256 GB,0 GB,Windows,ThinNlight,15.6,No,37990
ASUS,Ryzen,AMD,Ryzen 3,8 GB GB,256 GB,0 GB,Windows,ThinNlight,15.6,No,35990
DELL,Inspiron,AMD,Ryzen 3,8 GB GB,256 GB,0 GB,Windows,ThinNlight,15.6,No,39490
DELL,Inspiron,AMD,Ryzen 3,8 GB GB,256 GB,0 GB,Windows,ThinNlight,14.96,No,36990
DELL,Ryzen,AMD,Ryzen 3,8 GB GB,256 GB,0 GB,Windows,ThinNlight,15.6,No,39990
ASUS,Ryzen,AMD,Ryzen 3,4 GB GB,256 GB,0 GB,Windows,ThinNlight,15.6,No,33690
DELL,Inspiron,AMD,Ryzen 3,8 GB GB,256 GB,0 GB,Windows,ThinNlight,15.6,No,40590
ASUS,VivoBook,AMD,Ryzen 3,4 GB GB,256 GB,0 GB,Windows,Casual,Missing,No,37990
ASUS,VivoBook,AMD,Ryzen 3,4 GB GB,256 GB,0 GB,Windows,ThinNlight,Missing,No,34500
acer,Aspire,AMD,Ryzen 3,8 GB GB,512 GB,0 GB,Windows,Casual,15.6,No,36990
HP,Ryzen,AMD,Ryzen 3,8 GB GB,512 GB,0 GB,Windows,ThinNlight,14,No,43490
HP,Ryzen,AMD,Ryzen 3,8 GB GB,512 GB,0 GB,Windows,ThinNlight,15.6,No,41490
acer,Aspire,AMD,Ryzen 3,4 GB GB,512 GB,0 GB,Windows,Casual,15.6,No,34990
HP,15s,AMD,Ryzen 3,4 GB GB,512 GB,0 GB,Windows,ThinNlight,Missing,No,44490
DELL,Vostro,AMD,Ryzen 3,4 GB GB,512 GB,0 GB,Windows,ThinNlight,Missing,No,40590
DELL,Inspiron,AMD,Ryzen 3,8 GB GB,512 GB,0 GB,Windows,ThinNlight,15.6,No,42090
DELL,Vostro,AMD,Ryzen 3,8 GB GB,0 GB,1024 GB,Windows,ThinNlight,14,No,35990
HP,15s,AMD,Ryzen 3,8 GB GB,0 GB,1024 GB,Windows,ThinNlight,15.6,No,39490
DELL,Inspiron,AMD,Ryzen 3,8 GB GB,0 GB,1024 GB,Windows,ThinNlight,15.6,No,37390
DELL,Inspiron,AMD,Ryzen 3,4 GB GB,0 GB,1024 GB,Windows,ThinNlight,Missing,No,52632
DELL,Inspiron,AMD,Ryzen 3,4 GB GB,0 GB,1024 GB,Windows,Casual,Missing,No,39990
DELL,DELL,AMD,Ryzen 3,4 GB GB,0 GB,1024 GB,Windows,Casual,Missing,No,43990
HP,15q,AMD,Ryzen 3,4 GB GB,0 GB,1024 GB,Windows,Casual,15.6,No,32917
Lenovo,Ryzen,AMD,Ryzen 3,4 GB GB,0 GB,1024 GB,Windows,Casual,15.6,No,34990
DELL,Inspiron,AMD,Ryzen 3,8 GB GB,0 GB,1024 GB,Windows,ThinNlight,14.96,No,39990
HP,15s,AMD,Ryzen 3,8 GB GB,256 GB,1024 GB,Windows,Casual,15.6,No,41999
HP,Chromebook,MediaTek,MediaTek Kompanio,4 GB GB,0 GB,512 GB,DOS,Casual,Missing,No,22990
HP,Chromebook,MediaTek,MediaTek Kompanio,4 GB GB,0 GB,512 GB,DOS,Casual,Missing,No,22490
HP,Chromebook,MediaTek,MediaTek Kompanio,4 GB GB,0 GB,512 GB,DOS,Casual,Missing,No,22990
MICROSOFT,Surface,AMD,Ryzen 5,4 GB GB,128 GB,0 GB,Windows,Casual,Missing,Yes,99990
DELL,Vostro,AMD,Ryzen 5,8 GB GB,256 GB,0 GB,Windows,Casual,14,No,41990
DELL,Inspiron,AMD,Ryzen 5,8 GB GB,256 GB,0 GB,Windows,ThinNlight,15.6,No,44490
DELL,Inspiron,AMD,Ryzen 5,8 GB GB,256 GB,0 GB,Windows,Casual,15.6,No,41990
DELL,Vostro,AMD,Ryzen 5,8 GB GB,256 GB,0 GB,Windows,ThinNlight,14,No,44490
MSI,Modern,AMD,Ryzen 5,4 GB GB,256 GB,0 GB,Windows,Casual,Missing,No,49990
DELL,Inspiron,AMD,Ryzen 5,4 GB GB,256 GB,0 GB,Windows,ThinNlight,Missing,No,44390
HP,Pavilion,AMD,Ryzen 5,8 GB GB,512 GB,0 GB,Windows,Casual,15.6,No,57990
Lenovo,IdeaPad,AMD,Ryzen 5,8 GB GB,512 GB,0 GB,Windows,Gaming,15.6,No,56990
Lenovo,IdeaPad,AMD,Ryzen 5,8 GB GB,512 GB,0 GB,Windows,ThinNlight,15.6,No,48990
HP,Ryzen,AMD,Ryzen 5,8 GB GB,512 GB,0 GB,Windows,ThinNlight,14,No,49970
MSI,Modern,AMD,Ryzen 5,8 GB GB,512 GB,0 GB,Windows,Casual,14,No,47990
HP,Ryzen,AMD,Ryzen 5,8 GB GB,512 GB,0 GB,Windows,ThinNlight,15.6,No,48990
acer,Swift,AMD,Ryzen 5,8 GB GB,512 GB,0 GB,Windows,ThinNlight,14,No,53990
Lenovo,IdeaPad,AMD,Ryzen 5,8 GB GB,512 GB,0 GB,Windows,Casual,15.6,No,52990
acer,Aspire,AMD,Ryzen 5,8 GB GB,512 GB,0 GB,Windows,Casual,15.6,No,43990
Lenovo,Ideapad,AMD,Ryzen 5,8 GB GB,512 GB,0 GB,Windows,Gaming,15.6,No,59490
MSI,Bravo,AMD,Ryzen 5,8 GB GB,512 GB,0 GB,Windows,Casual,15.6,No,64990
DELL,Vostro,AMD,Ryzen 5,8 GB GB,512 GB,0 GB,Windows,ThinNlight,14,No,47490
HP,HP,AMD,Ryzen 5,8 GB GB,512 GB,0 GB,Windows,Casual,15.6,No,59990
Lenovo,Legion,AMD,Ryzen 5,8 GB GB,512 GB,0 GB,Windows,Casual,15.6,No,69990
HP,15-ec1105AX,AMD,Ryzen 5,8 GB GB,512 GB,0 GB,Windows,Casual,15.6,No,58990
DELL,Vostro,AMD,Ryzen 5,8 GB GB,512 GB,0 GB,Windows,ThinNlight,14,No,59490
HP,Pavilion,AMD,Ryzen 5,16 GB GB,512 GB,0 GB,Windows,ThinNlight,15.6,No,67500
HP,Ryzen,AMD,Ryzen 5,8 GB GB,512 GB,0 GB,Windows,Casual,15.6,No,48990
ASUS,VivoBook,AMD,Ryzen 5,8 GB GB,512 GB,0 GB,Windows,Casual,14,Yes,62450
ASUS,VivoBook,AMD,Ryzen 5,8 GB GB,512 GB,0 GB,Windows,Casual,14,No,58990
ASUS,APU,AMD,Quad,4 GB GB,0 GB,512 GB,DOS,Casual,Missing,No,19990
HP,Pavilion,AMD,Ryzen 5,8 GB GB,512 GB,0 GB,Windows,ThinNlight,15.6,No,57999
ASUS,VivoBook,AMD,Ryzen 5,16 GB GB,512 GB,0 GB,Windows,Casual,15.6,No,56990
HP,Pavilion,AMD,Ryzen 5,8 GB GB,512 GB,0 GB,Windows,Casual,15.6,No,72990
HP,Pavilion,AMD,Ryzen 5,16 GB GB,512 GB,0 GB,Windows,Casual,13.3,No,65990
HP,Envy,AMD,Ryzen 5,16 GB GB,512 GB,0 GB,Windows,Casual,13.3,Yes,98020
HP,Pavilion,AMD,Ryzen 5,16 GB GB,512 GB,0 GB,Windows,Casual,14,No,63990
ASUS,Ryzen,AMD,Ryzen 5,8 GB GB,512 GB,0 GB,Windows,ThinNlight,15.6,No,49890
DELL,Inspiron,AMD,Ryzen 5,8 GB GB,512 GB,0 GB,Windows,ThinNlight,15.6,No,49990
DELL,Vostro,AMD,Ryzen 5,8 GB GB,512 GB,0 GB,Windows,ThinNlight,14,No,59490
HP,Envy,AMD,Ryzen 5,8 GB GB,512 GB,0 GB,Windows,Casual,13.3,Yes,73999
DELL,Inspiron,AMD,Ryzen 5,4 GB GB,512 GB,0 GB,Windows,ThinNlight,Missing,No,60990
DELL,G5,AMD,Ryzen 5,4 GB GB,512 GB,0 GB,Windows,Casual,Missing,No,76190
Lenovo,Yoga,AMD,Ryzen 5,4 GB GB,512 GB,0 GB,Windows,ThinNlight,16,Yes,74798
ASUS,VivoBook,AMD,Ryzen 5,4 GB GB,512 GB,0 GB,Windows,Casual,Missing,No,58990
HP,Ryzen,AMD,Ryzen 5,4 GB GB,512 GB,0 GB,Windows,Casual,Missing,No,68100
Lenovo,Yoga,AMD,Ryzen 5,4 GB GB,512 GB,0 GB,Windows,ThinNlight,16,Yes,77990
HP,Pavilion,AMD,Ryzen 5,4 GB GB,512 GB,0 GB,Windows,ThinNlight,Missing,No,55090
ASUS,Zenbook,AMD,Ryzen 5,4 GB GB,512 GB,0 GB,Windows,Casual,16,Yes,91990
HP,Pavilion,AMD,Ryzen 5,4 GB GB,512 GB,0 GB,Windows,Casual,16,No,84208
acer,Aspire,AMD,Ryzen 5,4 GB GB,512 GB,0 GB,Windows,Casual,Missing,No,44990
HP,15s,AMD,Ryzen 5,4 GB GB,512 GB,0 GB,Windows,ThinNlight,Missing,No,53490
Lenovo,Legion,AMD,Ryzen 5,4 GB GB,512 GB,0 GB,Windows,Casual,Missing,No,76498
DELL,Ryzen,AMD,Ryzen 5,4 GB GB,512 GB,0 GB,Windows,Casual,Missing,No,98920
MSI,Modern,AMD,Ryzen 5,4 GB GB,512 GB,0 GB,Windows,Casual,Missing,No,54990
acer,Aspire,AMD,Ryzen 5,4 GB GB,512 GB,0 GB,Windows,Casual,Missing,No,49990
HP,Ryzen,AMD,Ryzen 5,4 GB GB,512 GB,0 GB,Windows,Casual,Missing,No,52380
acer,Aspire,AMD,Ryzen 5,4 GB GB,512 GB,0 GB,Windows,ThinNlight,Missing,No,49990
HP,14s,AMD,Ryzen 5,4 GB GB,512 GB,0 GB,Windows,ThinNlight,Missing,No,52500
Vaio,E,AMD,Ryzen 5,4 GB GB,512 GB,0 GB,Windows,ThinNlight,Missing,No,49590
ASUS,Ryzen,AMD,Ryzen 5,4 GB GB,512 GB,0 GB,Windows,ThinNlight,Missing,No,49990
acer,Aspire,AMD,Ryzen 5,4 GB GB,512 GB,0 GB,Windows,ThinNlight,Missing,No,75999
ASUS,AMD,AMD,Ryzen 5,4 GB GB,512 GB,0 GB,Windows,Casual,16,No,80990
Lenovo,IDEAPAD,AMD,Ryzen 5,4 GB GB,512 GB,0 GB,Windows,Casual,Missing,No,59900
HP,15s,AMD,Ryzen 5,4 GB GB,512 GB,0 GB,Windows,ThinNlight,Missing,No,54590
DELL,Inspiron,AMD,Ryzen 5,4 GB GB,512 GB,0 GB,Windows,Casual,Missing,Yes,75500
HP,Ryzen,AMD,Ryzen 5,8 GB GB,512 GB,0 GB,Windows,ThinNlight,15.6,No,51890
ASUS,VivoBook,AMD,Ryzen 5,16 GB GB,512 GB,0 GB,Windows,Casual,17.3,No,78000
Vaio,E,AMD,Ryzen 5,8 GB GB,512 GB,0 GB,Windows,ThinNlight,15.6,No,50990
HP,Pavilion,AMD,Ryzen 5,16 GB GB,512 GB,0 GB,Windows,ThinNlight,14,No,59999
HP,Pavilion,AMD,Ryzen 5,8 GB GB,512 GB,0 GB,Windows,Gaming,15.6,No,64990
DELL,Ryzen,AMD,Ryzen 5,4 GB GB,1024 GB,0 GB,Windows,Casual,Missing,No,57900
Lenovo,Yoga,AMD,Ryzen 5,4 GB GB,1024 GB,0 GB,Windows,ThinNlight,16,Yes,81978
HP,Pavilion,AMD,Ryzen 5,4 GB GB,0 GB,1024 GB,Windows,Gaming,Missing,No,59990
DELL,Inspiron,AMD,Ryzen 5,8 GB GB,256 GB,1024 GB,Windows,Casual,15.6,No,49490
ASUS,VivoBook,AMD,Ryzen 5,8 GB GB,256 GB,1024 GB,Windows,Casual,15.6,No,54990
Lenovo,Legion,AMD,Ryzen 5,8 GB GB,256 GB,1024 GB,Windows,Casual,15.6,No,68500
ASUS,VivoBook,AMD,Ryzen 5,8 GB GB,256 GB,1024 GB,Windows,Casual,15.6,No,54990
ASUS,VivoBook,AMD,Ryzen 5,8 GB GB,256 GB,1024 GB,Windows,Casual,15.6,No,54990
Lenovo,Ideapad,AMD,Ryzen 5,8 GB GB,256 GB,1024 GB,Windows,Gaming,15.6,No,63990
HP,Pavilion,AMD,Ryzen 5,4 GB GB,256 GB,1024 GB,Windows,Gaming,Missing,No,80000
DELL,Ryzen,AMD,Ryzen 5,4 GB GB,256 GB,1024 GB,Windows,Casual,Missing,No,51990
ASUS,VivoBook,AMD,Ryzen 5,4 GB GB,256 GB,1024 GB,Windows,Casual,Missing,No,62990
HP,Ryzen,AMD,Ryzen 5,4 GB GB,256 GB,1024 GB,Windows,ThinNlight,Missing,No,52990
ASUS,Ryzen,AMD,Ryzen 5,4 GB GB,256 GB,1024 GB,Windows,ThinNlight,Missing,No,75100
ASUS,ASUS,AMD,Ryzen 7,16 GB GB,512 GB,0 GB,Windows,Gaming,17.3,No,76990
ASUS,Ryzen,AMD,Ryzen 7,16 GB GB,512 GB,0 GB,Windows,Casual,14,No,79990
ASUS,ROG,AMD,Ryzen 7,8 GB GB,512 GB,0 GB,Windows,Casual,15.6,No,71990
ASUS,ROG,AMD,Ryzen 7,8 GB GB,512 GB,0 GB,Windows,Casual,15.6,No,71990
Lenovo,Lenovo,AMD,Ryzen 7,16 GB GB,512 GB,0 GB,Windows,Casual,15.6,No,99990
ASUS,Ryzen,AMD,Ryzen 7,16 GB GB,512 GB,0 GB,Windows,Casual,14,No,79990
DELL,Ryzen,AMD,Ryzen 7,16 GB GB,512 GB,0 GB,Windows,Casual,15.6,No,93990
ASUS,ASUS,AMD,Ryzen 7,16 GB GB,512 GB,0 GB,Windows,Gaming,17.3,No,82990
ASUS,ROG,AMD,Ryzen 7,4 GB GB,512 GB,0 GB,Windows,Casual,16,No,106990
ASUS,VivoBook,AMD,Ryzen 7,4 GB GB,512 GB,0 GB,Windows,Casual,16,No,92990
Lenovo,IdeaPad,Intel,Ryzen 7,4 GB GB,512 GB,0 GB,Windows,Casual,16,No,81490
ASUS,VivoBook,AMD,Ryzen 7,4 GB GB,512 GB,0 GB,Windows,Casual,16,No,56990
MSI,Modern,AMD,Ryzen 7,4 GB GB,512 GB,0 GB,Windows,Casual,Missing,No,64990
Lenovo,Ideapad,AMD,Ryzen 7,4 GB GB,512 GB,0 GB,Windows,Casual,Missing,No,60990
Lenovo,Ryzen,AMD,Ryzen 7,4 GB GB,512 GB,0 GB,Windows,Casual,16,No,84988
HP,Pavilion,AMD,Ryzen 7,4 GB GB,512 GB,0 GB,Windows,Casual,16,No,90990
Vaio,E,AMD,Ryzen 7,4 GB GB,512 GB,0 GB,Windows,ThinNlight,Missing,No,56990
ASUS,VivoBook,AMD,Ryzen 7,4 GB GB,512 GB,0 GB,Windows,Casual,Missing,No,63990
Lenovo,Ideapad,AMD,Ryzen 7,4 GB GB,512 GB,0 GB,Windows,Casual,Missing,No,63990
HP,Ryzen,AMD,Ryzen 7,4 GB GB,512 GB,0 GB,Windows,ThinNlight,Missing,No,57999
ASUS,Ryzen,AMD,Ryzen 7,4 GB GB,512 GB,0 GB,Windows,Casual,Missing,No,72400
Lenovo,Yoga,AMD,Ryzen 7,4 GB GB,512 GB,0 GB,Windows,Casual,16,Yes,78990
acer,Aspire,AMD,Ryzen 7,4 GB GB,512 GB,0 GB,Windows,ThinNlight,Missing,No,59990
ASUS,ROG,AMD,Ryzen 7,4 GB GB,512 GB,0 GB,Windows,Casual,16,No,111990
HP,Ryzen,AMD,Ryzen 7,4 GB GB,512 GB,0 GB,Windows,Casual,16,Yes,109000
DELL,G5,AMD,Ryzen 7,4 GB GB,512 GB,0 GB,Windows,Casual,16,No,89990
Lenovo,Yoga,AMD,Ryzen 7,4 GB GB,512 GB,0 GB,Windows,Casual,16,Yes,78988
Lenovo,Ryzen,AMD,Ryzen 7,4 GB GB,512 GB,0 GB,Windows,Casual,16,No,73138
Lenovo,Ryzen,AMD,Ryzen 7,4 GB GB,512 GB,0 GB,Windows,Casual,16,No,106990
ASUS,Ryzen,AMD,Ryzen 7,4 GB GB,512 GB,0 GB,Windows,Casual,Missing,No,79990
DELL,Inspiron,AMD,Ryzen 7,4 GB GB,512 GB,0 GB,Windows,Casual,16,Yes,89570
HP,15s,AMD,Ryzen 7,4 GB GB,512 GB,0 GB,Windows,ThinNlight,Missing,No,68500
Lenovo,Ideapad,AMD,Ryzen 7,16 GB GB,512 GB,0 GB,Windows,Casual,14,No,73400
Vaio,E,AMD,Ryzen 7,8 GB GB,512 GB,0 GB,Windows,ThinNlight,15.6,No,57990
HP,Pavilion,AMD,Ryzen 7,16 GB GB,512 GB,0 GB,Windows,Casual,14,No,79990
HP,Pavilion,AMD,Ryzen 7,16 GB GB,512 GB,0 GB,Windows,Gaming,15.6,No,84990
MSI,Alpha,AMD,Ryzen 7,16 GB GB,1024 GB,0 GB,Windows,Casual,15.6,No,99990
ASUS,ROG,AMD,Ryzen 7,8 GB GB,1024 GB,0 GB,Windows,Casual,14,No,72990
HP,HP,AMD,Ryzen 7,16 GB GB,1024 GB,0 GB,Windows,ThinNlight,13.3,Yes,92990
HP,Pavilion,AMD,Ryzen 7,16 GB GB,1024 GB,0 GB,Windows,ThinNlight,13.3,No,84190
ASUS,Zenbook,AMD,Ryzen 7,16 GB GB,1024 GB,0 GB,Windows,Casual,14,Yes,112990
ASUS,ROG,AMD,Ryzen 7,4 GB GB,1024 GB,0 GB,Windows,Casual,16,No,114990
acer,Swift,AMD,Ryzen 7,4 GB GB,1024 GB,0 GB,Windows,Casual,16,No,99990
ASUS,TUF,AMD,Ryzen 7,4 GB GB,1024 GB,0 GB,Windows,Gaming,Missing,No,95990
HP,OMEN,AMD,Ryzen 7,4 GB GB,1024 GB,0 GB,Windows,Casual,16,No,159990
ASUS,ROG,AMD,Ryzen 7,4 GB GB,1024 GB,0 GB,Windows,Casual,Missing,No,76990
Lenovo,Legion,AMD,Ryzen 7,4 GB GB,1024 GB,0 GB,Windows,Casual,16,No,130990
ASUS,VivoBook,AMD,Ryzen 7,4 GB GB,1024 GB,0 GB,Windows,Casual,16,No,99990
ASUS,ROG,AMD,Ryzen 7,4 GB GB,1024 GB,0 GB,Windows,Casual,16,No,112990
Lenovo,Ideapad,AMD,Ryzen 7,4 GB GB,1024 GB,0 GB,Windows,Casual,16,No,77988
ASUS,ROG,AMD,Ryzen 7,4 GB GB,1024 GB,0 GB,Windows,Casual,Missing,No,76000
ASUS,ROG,AMD,Ryzen 7,4 GB GB,1024 GB,0 GB,Windows,Casual,16,Yes,99990
ASUS,Zephyrus,AMD,Ryzen 7,4 GB GB,1024 GB,0 GB,Windows,Casual,Missing,No,111000
ASUS,Ryzen,AMD,Ryzen 7,16 GB GB,1024 GB,0 GB,Windows,ThinNlight,13.3,No,84970
HP,Pavilion,AMD,Ryzen 7,16 GB GB,256 GB,1024 GB,Windows,Gaming,15.6,No,75990
acer,Nitro,AMD,Ryzen 7,16 GB GB,256 GB,1024 GB,Windows,Casual,15.6,No,89990
acer,Nitro,AMD,Ryzen 7,16 GB GB,256 GB,1024 GB,Windows,Casual,15.6,No,81990
Lenovo,Ryzen,AMD,Ryzen 7,4 GB GB,512 GB,1024 GB,Windows,Casual,16,No,80490
ASUS,ROG,AMD,Ryzen 9,16 GB GB,1024 GB,0 GB,Windows,Casual,15.6,No,135990
ASUS,ROG,AMD,Ryzen 9,16 GB GB,1024 GB,0 GB,Windows,Casual,15.6,No,154990
ASUS,ROG,AMD,Ryzen 9,16 GB GB,1024 GB,0 GB,Windows,Casual,15.6,No,199990
ASUS,ROG,AMD,Ryzen 9,16 GB GB,1024 GB,0 GB,Windows,Casual,15.6,No,114990
ASUS,ROG,AMD,Ryzen 9,16 GB GB,1024 GB,0 GB,Windows,Casual,15.6,No,129990
ASUS,ROG,AMD,Ryzen 9,16 GB GB,1024 GB,0 GB,Windows,Casual,13.4,Yes,114990
MSI,Delta,AMD,Ryzen 9,4 GB GB,1024 GB,0 GB,Windows,Casual,16,No,146990
ASUS,VivoBook,AMD,Ryzen 9,4 GB GB,1024 GB,0 GB,Windows,Casual,16,No,104990
ASUS,ROG,AMD,Ryzen 9,4 GB GB,1024 GB,0 GB,Windows,Casual,16,Yes,114990
ASUS,ROG,AMD,Ryzen 9,4 GB GB,1024 GB,0 GB,Windows,Casual,16,Yes,124990
ASUS,Zenbook,AMD,Ryzen 9,4 GB GB,1024 GB,0 GB,Windows,Casual,16,Yes,134990
HP,OMEN,AMD,Ryzen 9,4 GB GB,1024 GB,0 GB,Windows,Casual,16,No,141990
ASUS,Rog,AMD,Ryzen 9,4 GB GB,1024 GB,0 GB,Windows,Casual,16,No,129990
ASUS,ROG,AMD,Ryzen 9,4 GB GB,1024 GB,0 GB,Windows,Casual,Missing,Yes,142990
ASUS,Zephyrus,AMD,Ryzen 9,4 GB GB,1024 GB,0 GB,Windows,Casual,16,No,121990
ASUS,ROG,AMD,Ryzen 9,4 GB GB,1024 GB,0 GB,Windows,Casual,Missing,Yes,124990
ASUS,ROG,AMD,Ryzen 9,4 GB GB,1024 GB,0 GB,Windows,Casual,16,No,141990
ASUS,VivoBook,AMD,Ryzen 9,4 GB GB,1024 GB,0 GB,Windows,Casual,16,No,162990
ASUS,VivoBook,AMD,Ryzen 9,4 GB GB,1024 GB,0 GB,Windows,Casual,16,No,130500
ASUS,VivoBook,AMD,Ryzen 9,4 GB GB,1024 GB,0 GB,Windows,Casual,Missing,No,116990
ASUS,Ryzen,AMD,Ryzen 9,4 GB GB,1024 GB,0 GB,Windows,Casual,16,No,138990
ASUS,ROG,AMD,Ryzen 9,4 GB GB,1024 GB,0 GB,Windows,Casual,Missing,Yes,234990
ASUS,ROG,AMD,Ryzen 9,4 GB GB,1024 GB,0 GB,Windows,Casual,16,No,135990
ASUS,ROG,AMD,Ryzen 9,4 GB GB,1024 GB,0 GB,Windows,Casual,16,No,144990
ASUS,Ryzen,AMD,Ryzen 9,4 GB GB,1024 GB,0 GB,Windows,Casual,Missing,No,149990
ASUS,Ryzen,AMD,Ryzen 9,4 GB GB,1024 GB,0 GB,Windows,Casual,16,No,142990
SAMSUNG,Galaxy,Qualcomm,Snapdragon 7c,4 GB GB,0 GB,512 GB,Windows,Casual,Missing,No,38990
Lenovo,Thinkpad,AMD,Ryzen 5,8 GB GB,512 GB,0 GB,DOS,ThinNlight,14,No,57490