,Review_ID,Laptop_ID,User_ID_x,Purchase_History_ID,Review_Rating,Review_Comment,User_ID_y,Date_Purchased
764,101035,3627,78336834,25223,2.4,Affordable yet efficient for everyday use.,,
130,101083,4553,21160524,28990,3.5,Very responsive touch screen and fast processing speed.,,
542,101511,9460,56882896,77096,0.9,Very responsive touch screen and fast processing speed.,,
703,103042,8576,72605336,93802,4.1,Keyboard is comfortable to type on for hours.,,
985,103754,7727,99036935,51081,4.1,Very responsive touch screen and fast processing speed.,,
267,103962,6538,32612735,98982,3.5,Great for gaming with superb graphics performance.,,
229,104203,1703,30483058,48916,1.9,Sleek design with a high-resolution display.,,
829,105087,1373,85230187,39151,3.1,"Heats up quickly under load, which is a bit of a concern.",,
419,105733,8291,45385224,11188,4.5,"Lightweight and portable, perfect for traveling.",,
951,107266,8859,96737724,84969,1.7,Great for gaming with superb graphics performance.,,
866,108531,7483,89021295,68408,4.9,"Lightweight and portable, perfect for traveling.",,
641,109609,7230,67418180,63533,0.3,Great for gaming with superb graphics performance.,,
408,110831,5636,44310268,45966,2.1,"Lightweight and portable, perfect for traveling.",,
276,111098,3213,33614606,23752,3.1,"Lacks USB-C ports, which is a downside for future-proofing.",,
992,111230,5719,99364926,36950,0.2,Keyboard is comfortable to type on for hours.,,
111,111814,3992,20033346,37803,4.7,Powerful laptop that can perform multiple tasks at a time.,,
505,112236,2813,53728838,43375,4.2,Sleek design with a high-resolution display.,,
75,113306,5829,16875223,83633,3.4,Keyboard is comfortable to type on for hours.,,
346,113737,9854,39157289,71976,4.6,Powerful laptop that can perform multiple tasks at a time.,,
89,114345,7965,18511153,44054,4.4,Affordable yet efficient for everyday use.,,
121,117520,8180,20666511,42668,3.4,Powerful laptop that can perform multiple tasks at a time.,,
17,118131,2796,12083138,26724,3.2,Very responsive touch screen and fast processing speed.,,
962,119004,8551,97855090,56247,4.2,Sleek design with a high-resolution display.,,
770,120106,2233,78688850,38333,3.6,Powerful laptop that can perform multiple tasks at a time.,,
960,120424,3900,97718368,31224,4.0,Very responsive touch screen and fast processing speed.,,
284,122205,5942,34245806,78015,0.1,Sleek design with a high-resolution display.,,
255,122258,5021,32117335,40086,0.7,Great for gaming with superb graphics performance.,,
482,122701,1183,51183392,52098,2.1,Very responsive touch screen and fast processing speed.,,
611,122745,2829,64057849,64167,3.8,Great for gaming with superb graphics performance.,,
489,123048,7132,52308432,78780,4.5,Powerful laptop that can perform multiple tasks at a time.,,
927,123116,8872,94869727,74882,3.8,"Heats up quickly under load, which is a bit of a concern.",,
986,124305,6778,99147487,82066,3.3,"Lacks USB-C ports, which is a downside for future-proofing.",,
977,124326,5488,98687656,61397,2.0,"Lightweight and portable, perfect for traveling.",,
683,129196,6015,70175287,76822,4.0,"Battery life lasts all day, ideal for long work sessions.",,
302,131706,1952,35469915,83184,3.1,"Heats up quickly under load, which is a bit of a concern.",,
512,131831,7989,54245934,64889,4.7,Affordable yet efficient for everyday use.,,
342,131855,5287,38809584,62886,1.5,"Lightweight and portable, perfect for traveling.",,
993,133649,9674,99376986,75502,1.7,"Battery life lasts all day, ideal for long work sessions.",,
317,133863,1287,36683511,22804,0.1,"Lightweight and portable, perfect for traveling.",,
428,134148,4543,46023863,37245,3.9,Affordable yet efficient for everyday use.,,
127,134262,3425,20994430,92811,0.9,"Battery life lasts all day, ideal for long work sessions.",,
935,134412,5389,95638971,98570,3.0,Sleek design with a high-resolution display.,,
544,135918,3612,57021826,25806,2.2,"Heats up quickly under load, which is a bit of a concern.",,
791,136178,5120,80448310,31568,4.8,"Lightweight and portable, perfect for traveling.",,
789,137638,1768,80225652,30159,0.3,Affordable yet efficient for everyday use.,,
750,137778,2910,77049129,87514,1.7,"Lightweight and portable, perfect for traveling.",,
147,138989,9990,22935334,77603,3.4,Affordable yet efficient for everyday use.,,
523,140173,6283,55501360,23672,2.8,Keyboard is comfortable to type on for hours.,,
22,140628,2472,12656778,91422,4.5,Great for gaming with superb graphics performance.,,
524,141820,2421,55515142,58405,0.8,Sleek design with a high-resolution display.,,
803,142511,5108,81692766,10163,4.5,Affordable yet efficient for everyday use.,,
83,144106,1843,17982509,52066,4.5,"Battery life lasts all day, ideal for long work sessions.",,
582,144210,1348,60567089,97426,2.1,Keyboard is comfortable to type on for hours.,,
841,145235,2322,86275594,90052,1.4,"Battery life lasts all day, ideal for long work sessions.",,
817,147850,8213,83634130,88614,4.9,"Heats up quickly under load, which is a bit of a concern.",,
685,150472,3241,70357300,18127,2.4,"Heats up quickly under load, which is a bit of a concern.",,
369,151509,6554,41217009,72669,4.9,"Battery life lasts all day, ideal for long work sessions.",,
890,155646,3926,91342464,97616,0.5,Very responsive touch screen and fast processing speed.,,
88,155810,1179,18509464,54171,1.7,"Lightweight and portable, perfect for traveling.",,
656,157164,9095,68259126,83926,1.9,Powerful laptop that can perform multiple tasks at a time.,,
232,158412,8443,30773672,49450,1.7,Great for gaming with superb graphics performance.,,
621,158720,5264,65098732,49075,2.5,"Lacks USB-C ports, which is a downside for future-proofing.",,
972,160983,7079,98348446,91013,3.9,Keyboard is comfortable to type on for hours.,,
377,161053,6971,41891522,59665,2.7,"Lightweight and portable, perfect for traveling.",,
528,161756,6544,55691624,10501,1.2,"Lacks USB-C ports, which is a downside for future-proofing.",,
355,162530,6660,39956585,68037,3.3,"Battery life lasts all day, ideal for long work sessions.",,
556,165102,5027,58352262,55533,4.8,Great for gaming with superb graphics performance.,,
585,165624,6184,60809987,97395,4.2,Affordable yet efficient for everyday use.,,
91,166251,6153,18565672,43728,1.7,Sleek design with a high-resolution display.,,
37,166454,7032,14079998,87988,1.5,"Heats up quickly under load, which is a bit of a concern.",,
616,167001,2315,64608964,44325,2.4,Affordable yet efficient for everyday use.,,
361,167742,4207,40312938,54684,1.2,"Lightweight and portable, perfect for traveling.",,
112,168808,8203,20176836,99858,3.3,"Lightweight and portable, perfect for traveling.",,
669,169833,3511,69112321,87926,2.7,Very responsive touch screen and fast processing speed.,,
583,171987,5424,60594098,79412,1.0,Keyboard is comfortable to type on for hours.,,
438,174507,7396,46933532,39183,1.8,Powerful laptop that can perform multiple tasks at a time.,,
673,174837,7250,69397859,10429,3.4,Affordable yet efficient for everyday use.,,
66,176529,3524,16027290,71886,0.7,Great for gaming with superb graphics performance.,,
486,177365,7274,51997258,11807,1.4,"Lacks USB-C ports, which is a downside for future-proofing.",,
158,178564,9196,24099675,87296,2.1,Sleek design with a high-resolution display.,,
46,178586,4009,14665262,62535,2.1,Great for gaming with superb graphics performance.,,
899,179637,9489,92040854,72552,1.9,Powerful laptop that can perform multiple tasks at a time.,,
606,179783,2426,63577133,66871,5.0,"Heats up quickly under load, which is a bit of a concern.",,
714,180319,4570,73313208,34748,1.7,"Battery life lasts all day, ideal for long work sessions.",,
50,180335,6339,14923185,14946,2.9,Powerful laptop that can perform multiple tasks at a time.,,
853,181913,1457,86919627,93380,3.9,"Heats up quickly under load, which is a bit of a concern.",,
735,182537,7788,75482180,30053,0.4,Great for gaming with superb graphics performance.,,
439,182704,8836,46936710,67954,3.3,"Battery life lasts all day, ideal for long work sessions.",,
185,183755,5456,26375725,71565,4.8,"Lacks USB-C ports, which is a downside for future-proofing.",,
787,184006,1715,80014193,67031,1.2,Great for gaming with superb graphics performance.,,
347,184161,2195,39176717,21527,0.3,Sleek design with a high-resolution display.,,
832,184642,7605,85618131,76715,4.5,Powerful laptop that can perform multiple tasks at a time.,,
727,185038,8229,74668298,70756,2.2,Keyboard is comfortable to type on for hours.,,
391,185175,7472,43389477,91564,0.9,Very responsive touch screen and fast processing speed.,,
520,186241,9367,55144957,69594,1.8,"Lacks USB-C ports, which is a downside for future-proofing.",,
478,186969,1780,50959459,48178,3.6,"Lightweight and portable, perfect for traveling.",,
166,187453,7634,24703440,18516,3.8,"Lightweight and portable, perfect for traveling.",,
483,187519,9548,51373185,14842,1.7,"Battery life lasts all day, ideal for long work sessions.",,
221,187788,4542,29668290,44759,3.2,Powerful laptop that can perform multiple tasks at a time.,,
955,190022,9734,97005251,86149,3.7,"Heats up quickly under load, which is a bit of a concern.",,
209,190205,1334,28609472,46174,1.8,"Heats up quickly under load, which is a bit of a concern.",,
795,193424,1865,80835194,32318,2.8,Great for gaming with superb graphics performance.,,
82,193774,7784,17839512,88004,3.1,"Battery life lasts all day, ideal for long work sessions.",,
688,195558,1603,70682643,77826,0.6,Affordable yet efficient for everyday use.,,
122,195598,8936,20701011,81092,3.7,Sleek design with a high-resolution display.,,
527,195935,6117,55656985,39065,1.1,"Lacks USB-C ports, which is a downside for future-proofing.",,
102,196369,5573,19526472,73696,1.6,Very responsive touch screen and fast processing speed.,,
870,198357,1971,89492450,64428,4.1,"Battery life lasts all day, ideal for long work sessions.",,
45,198462,6006,14643234,68991,1.8,Powerful laptop that can perform multiple tasks at a time.,,
132,198800,1395,21217285,26896,1.2,Great for gaming with superb graphics performance.,,
545,198843,9973,57126515,34871,0.7,Keyboard is comfortable to type on for hours.,,
629,199028,9040,66168871,50536,3.2,Sleek design with a high-resolution display.,,
705,199997,8527,72635661,80807,2.0,"Battery life lasts all day, ideal for long work sessions.",,
574,200591,2881,59495800,92381,0.7,"Battery life lasts all day, ideal for long work sessions.",,
400,200878,6216,43710623,88554,1.0,"Heats up quickly under load, which is a bit of a concern.",,
970,201113,7804,98174098,66863,2.8,Very responsive touch screen and fast processing speed.,,
313,201702,9019,36089948,89837,2.8,"Lacks USB-C ports, which is a downside for future-proofing.",,
212,202185,5604,28999577,32336,3.0,Great for gaming with superb graphics performance.,,
924,203410,4992,94760676,97809,2.0,Powerful laptop that can perform multiple tasks at a time.,,
104,204954,7443,19691005,58026,4.8,Very responsive touch screen and fast processing speed.,,
852,206557,8479,86915710,72556,3.6,Very responsive touch screen and fast processing speed.,,
934,207414,5672,95530884,48203,0.7,Affordable yet efficient for everyday use.,,
867,208636,1852,89126238,77756,1.0,Great for gaming with superb graphics performance.,,
259,209040,9954,32317487,52701,0.3,Very responsive touch screen and fast processing speed.,,
879,209055,2863,90228773,67429,1.9,Very responsive touch screen and fast processing speed.,,
668,209099,9882,69109068,28476,1.9,Keyboard is comfortable to type on for hours.,,
195,210290,3309,27160230,68087,1.9,Affordable yet efficient for everyday use.,,
224,212371,4606,30189632,22677,3.0,Keyboard is comfortable to type on for hours.,,
564,213328,6066,58839054,68869,0.8,Powerful laptop that can perform multiple tasks at a time.,,
187,213865,5170,26510653,98254,4.4,"Heats up quickly under load, which is a bit of a concern.",,
251,213872,6785,31596272,43972,0.7,"Battery life lasts all day, ideal for long work sessions.",,
328,215076,8351,37454888,87261,1.9,Powerful laptop that can perform multiple tasks at a time.,,
570,215787,5766,59111527,67138,1.1,Powerful laptop that can perform multiple tasks at a time.,,
283,216368,6094,34102841,71900,2.3,Sleek design with a high-resolution display.,,
670,217139,7966,69119769,82160,3.2,"Heats up quickly under load, which is a bit of a concern.",,
325,217334,6656,37150077,96262,0.6,Keyboard is comfortable to type on for hours.,,
563,217633,7241,58819276,23186,4.8,"Heats up quickly under load, which is a bit of a concern.",,
526,217842,3859,55558878,96041,4.0,Sleek design with a high-resolution display.,,
637,218039,3957,66996804,23567,0.6,Powerful laptop that can perform multiple tasks at a time.,,
642,219726,3791,67421180,57626,1.0,"Heats up quickly under load, which is a bit of a concern.",,
654,219830,6809,68127028,51832,0.2,Great for gaming with superb graphics performance.,,
480,219948,8589,50997308,16094,3.4,Great for gaming with superb graphics performance.,,
373,219974,9780,41730739,11542,4.1,Sleek design with a high-resolution display.,,
624,221400,5837,65813939,86405,0.4,"Battery life lasts all day, ideal for long work sessions.",,
599,222053,1447,62805870,98031,3.5,"Lacks USB-C ports, which is a downside for future-proofing.",,
665,222943,4824,68979376,47036,2.8,Keyboard is comfortable to type on for hours.,,
793,224481,6724,80541140,26769,3.3,"Heats up quickly under load, which is a bit of a concern.",,
357,224723,6863,40112912,11458,1.1,Very responsive touch screen and fast processing speed.,,
162,225363,3111,24358164,78980,0.4,"Lightweight and portable, perfect for traveling.",,
230,226532,3232,30499281,35489,0.5,"Lacks USB-C ports, which is a downside for future-proofing.",,
676,226781,1111,69691977,54185,4.6,"Heats up quickly under load, which is a bit of a concern.",,
468,227610,4430,49534927,38458,4.5,"Battery life lasts all day, ideal for long work sessions.",,
931,228239,8776,95249320,92812,0.5,Great for gaming with superb graphics performance.,,
462,229887,1448,48840253,87643,2.4,Very responsive touch screen and fast processing speed.,,
329,230610,5697,37514218,40190,4.7,Great for gaming with superb graphics performance.,,
422,230874,5745,45709878,33895,1.6,"Battery life lasts all day, ideal for long work sessions.",,
397,232250,4257,43582161,95865,3.1,Powerful laptop that can perform multiple tasks at a time.,,
558,232372,4957,58605068,46586,1.0,"Lacks USB-C ports, which is a downside for future-proofing.",,
875,233052,3669,89748430,23571,4.5,"Lightweight and portable, perfect for traveling.",,
128,233209,8298,21023182,51607,2.4,"Lightweight and portable, perfect for traveling.",,
601,233953,9891,63281192,68552,0.2,"Heats up quickly under load, which is a bit of a concern.",,
405,236795,1944,44131543,50058,0.5,Affordable yet efficient for everyday use.,,
375,237258,2860,41794932,84142,1.1,Powerful laptop that can perform multiple tasks at a time.,,
943,239025,5988,96367516,12237,0.9,Great for gaming with superb graphics performance.,,
273,239190,2273,33330051,43448,0.7,Keyboard is comfortable to type on for hours.,,
776,239553,4322,79085277,76160,1.0,Sleek design with a high-resolution display.,,
788,239964,1545,80033590,84616,2.4,Affordable yet efficient for everyday use.,,
710,240204,9465,73067787,19158,2.8,Very responsive touch screen and fast processing speed.,,
920,242020,1429,94157023,97119,4.0,Very responsive touch screen and fast processing speed.,,
998,242444,5934,99754703,38051,0.4,Affordable yet efficient for everyday use.,,
57,242757,1518,15388966,93066,0.1,"Battery life lasts all day, ideal for long work sessions.",,
90,242992,9746,18523225,74386,4.6,Sleek design with a high-resolution display.,,
958,246364,6837,97502072,40234,1.2,Great for gaming with superb graphics performance.,,
784,247587,8700,79900009,92789,0.7,"Lacks USB-C ports, which is a downside for future-proofing.",,
148,247970,7112,23062448,64734,1.7,Great for gaming with superb graphics performance.,,
851,248684,6240,86891674,97481,1.9,"Heats up quickly under load, which is a bit of a concern.",,
13,248687,7499,11854632,39441,2.6,"Lacks USB-C ports, which is a downside for future-proofing.",,
768,249680,8544,78520061,48841,1.4,Great for gaming with superb graphics performance.,,
204,250370,4355,28182570,98855,3.6,"Battery life lasts all day, ideal for long work sessions.",,
58,251446,4049,15424933,11355,2.8,Keyboard is comfortable to type on for hours.,,
690,252425,9614,70975552,52713,1.4,"Heats up quickly under load, which is a bit of a concern.",,
350,252939,3430,39285741,27043,2.9,Keyboard is comfortable to type on for hours.,,
734,257466,9821,75249841,61922,0.4,Affordable yet efficient for everyday use.,,
492,257538,6333,52610128,20039,3.6,"Lightweight and portable, perfect for traveling.",,
975,257612,8173,98578399,75552,2.4,Affordable yet efficient for everyday use.,,
593,259655,5198,61690283,80573,3.2,Keyboard is comfortable to type on for hours.,,
207,260638,7115,28340871,49397,1.4,"Lacks USB-C ports, which is a downside for future-proofing.",,
617,260669,3206,64945438,19031,2.1,Great for gaming with superb graphics performance.,,
697,261344,3600,71562363,28230,0.4,"Battery life lasts all day, ideal for long work sessions.",,
193,261608,1500,26860006,49391,3.1,"Battery life lasts all day, ideal for long work sessions.",,
969,262002,8858,98140469,47929,3.4,"Heats up quickly under load, which is a bit of a concern.",,
869,264215,2682,89470182,90702,1.9,Powerful laptop that can perform multiple tasks at a time.,,
959,265053,9144,97685900,30654,2.7,Powerful laptop that can perform multiple tasks at a time.,,
485,268359,5540,51843572,21669,0.1,"Heats up quickly under load, which is a bit of a concern.",,
427,269318,6822,45967590,26762,1.5,"Battery life lasts all day, ideal for long work sessions.",,
804,270526,3584,81947839,50183,3.1,Very responsive touch screen and fast processing speed.,,
69,271477,6188,16344490,53810,5.0,Great for gaming with superb graphics performance.,,
742,272117,4150,75951276,69844,2.1,"Lightweight and portable, perfect for traveling.",,
271,272699,6480,32920503,62925,1.4,Affordable yet efficient for everyday use.,,
823,274642,4537,84869216,70143,4.7,"Lightweight and portable, perfect for traveling.",,
737,275551,8955,75553796,40186,4.0,"Lacks USB-C ports, which is a downside for future-proofing.",,
371,276087,4709,41659550,20492,3.5,Very responsive touch screen and fast processing speed.,,
115,278917,6868,20250150,92405,2.8,"Lacks USB-C ports, which is a downside for future-proofing.",,
732,279485,3032,75008293,99784,0.4,Very responsive touch screen and fast processing speed.,,
898,283137,7781,92022741,88700,0.4,"Lightweight and portable, perfect for traveling.",,
782,283503,5225,79627647,25879,0.2,"Lightweight and portable, perfect for traveling.",,
648,284180,6081,67708776,40372,2.6,"Lightweight and portable, perfect for traveling.",,
766,285400,4133,78422038,83895,0.5,Keyboard is comfortable to type on for hours.,,
62,286143,1333,15723213,39046,4.9,"Battery life lasts all day, ideal for long work sessions.",,
579,286220,7749,60411804,27931,3.0,Very responsive touch screen and fast processing speed.,,
790,286294,9588,80253677,48872,0.8,"Battery life lasts all day, ideal for long work sessions.",,
262,286402,2625,32462982,86116,3.0,"Lacks USB-C ports, which is a downside for future-proofing.",,
888,289810,3353,91123068,83919,4.8,"Battery life lasts all day, ideal for long work sessions.",,
988,290721,2011,99212518,32703,2.8,Great for gaming with superb graphics performance.,,
679,290811,9248,69835684,11275,4.6,Affordable yet efficient for everyday use.,,
270,291542,2993,32908778,66759,4.9,"Battery life lasts all day, ideal for long work sessions.",,
923,292178,1877,94746244,96711,3.9,"Heats up quickly under load, which is a bit of a concern.",,
947,293305,3060,96625859,40254,3.7,"Battery life lasts all day, ideal for long work sessions.",,
272,293638,9926,32931171,49735,2.3,Powerful laptop that can perform multiple tasks at a time.,,
2,294413,4920,10194459,63365,3.6,Keyboard is comfortable to type on for hours.,,
501,296302,1211,53142138,69948,4.5,Keyboard is comfortable to type on for hours.,,
756,298088,5288,77639448,14647,3.7,Affordable yet efficient for everyday use.,,
444,298209,4530,46981723,47331,1.3,Great for gaming with superb graphics performance.,,
249,299247,5396,31483832,14499,1.1,Very responsive touch screen and fast processing speed.,,
94,302236,7798,18722572,18930,4.9,"Heats up quickly under load, which is a bit of a concern.",,
318,302569,1392,36782838,79116,2.4,Very responsive touch screen and fast processing speed.,,
358,302924,9835,40121160,51163,2.5,Powerful laptop that can perform multiple tasks at a time.,,
797,303587,8070,81085413,98148,2.8,Great for gaming with superb graphics performance.,,
926,305954,2517,94854109,91786,0.1,"Battery life lasts all day, ideal for long work sessions.",,
976,306228,6104,98616019,26608,1.6,Powerful laptop that can perform multiple tasks at a time.,,
293,308790,6350,34730618,81789,4.2,"Lacks USB-C ports, which is a downside for future-proofing.",,
801,309407,4316,81513913,87995,1.3,Sleek design with a high-resolution display.,,
763,310273,4352,78296766,44923,1.9,Powerful laptop that can perform multiple tasks at a time.,,
282,312071,6007,34035458,48891,4.0,"Lacks USB-C ports, which is a downside for future-proofing.",,
146,312236,7313,22922019,81039,3.8,Very responsive touch screen and fast processing speed.,,
571,312401,6034,59254326,36951,3.3,Affordable yet efficient for everyday use.,,
759,313283,4087,77732145,47184,1.6,Sleek design with a high-resolution display.,,
811,313820,6914,82796808,89408,4.6,"Heats up quickly under load, which is a bit of a concern.",,
435,314261,8369,46809168,26822,4.0,Affordable yet efficient for everyday use.,,
825,314283,5760,84980409,10877,1.4,Great for gaming with superb graphics performance.,,
717,314671,6074,73909071,55829,1.4,"Heats up quickly under load, which is a bit of a concern.",,
488,316162,1521,52173190,77219,0.8,"Battery life lasts all day, ideal for long work sessions.",,
933,316420,8804,95479660,45610,3.3,Affordable yet efficient for everyday use.,,
494,317216,3424,52622458,87308,5.0,Affordable yet efficient for everyday use.,,
330,317358,7090,37549640,75205,2.6,"Battery life lasts all day, ideal for long work sessions.",,
33,317524,2341,13530016,60386,3.5,Great for gaming with superb graphics performance.,,
730,319781,5090,74840754,32090,3.0,Great for gaming with superb graphics performance.,,
384,320886,5926,42663285,84482,0.6,Powerful laptop that can perform multiple tasks at a time.,,
553,321829,7832,57880910,38491,0.7,"Lightweight and portable, perfect for traveling.",,
503,323205,8139,53307642,97971,4.9,Affordable yet efficient for everyday use.,,
139,323779,5590,22131062,92237,2.9,Sleek design with a high-resolution display.,,
686,324235,4636,70460596,64235,1.5,"Lightweight and portable, perfect for traveling.",,
287,324914,3246,34340043,68159,2.3,Keyboard is comfortable to type on for hours.,,
85,325388,7992,18086888,32432,1.7,Very responsive touch screen and fast processing speed.,,
340,329077,8292,38467972,11708,1.9,"Lacks USB-C ports, which is a downside for future-proofing.",,
821,331245,6021,84337659,48744,4.1,"Lacks USB-C ports, which is a downside for future-proofing.",,
802,334832,4665,81582181,77843,3.8,Keyboard is comfortable to type on for hours.,,
233,335602,2203,30973307,92592,3.2,Very responsive touch screen and fast processing speed.,,
740,336315,8573,75706882,65396,1.4,"Battery life lasts all day, ideal for long work sessions.",,
332,336456,6040,37835626,15352,1.8,Great for gaming with superb graphics performance.,,
724,336508,1428,74565991,49559,1.9,Sleek design with a high-resolution display.,,
362,340650,9064,40754837,32895,2.8,Great for gaming with superb graphics performance.,,
932,341161,9908,95418745,26047,4.2,Keyboard is comfortable to type on for hours.,,
118,341550,7742,20454114,77991,0.3,Great for gaming with superb graphics performance.,,
295,343088,6297,35002572,16739,0.3,"Heats up quickly under load, which is a bit of a concern.",,
497,343387,2904,52779299,14186,0.6,Great for gaming with superb graphics performance.,,
675,345868,4875,69605082,26621,2.1,"Lightweight and portable, perfect for traveling.",,
24,347116,2941,12755996,73799,0.7,"Lightweight and portable, perfect for traveling.",,
838,349295,8952,85992706,51114,3.7,Sleek design with a high-resolution display.,,
95,349307,6341,18896840,71595,1.6,Keyboard is comfortable to type on for hours.,,
417,351399,1735,45294690,44576,3.1,Great for gaming with superb graphics performance.,,
917,351801,3033,93465104,48743,4.5,"Battery life lasts all day, ideal for long work sessions.",,
672,352585,9401,69256555,73180,2.5,Powerful laptop that can perform multiple tasks at a time.,,
580,352959,9567,60420545,37575,3.4,"Lacks USB-C ports, which is a downside for future-proofing.",,
379,354612,2295,42020153,12594,3.4,"Lightweight and portable, perfect for traveling.",,
215,355825,9313,29231568,34033,3.7,"Lightweight and portable, perfect for traveling.",,
546,356359,2187,57193150,52740,1.9,"Battery life lasts all day, ideal for long work sessions.",,
663,356825,7950,68911191,36130,1.4,"Heats up quickly under load, which is a bit of a concern.",,
913,356926,5351,93297472,72219,2.8,Sleek design with a high-resolution display.,,
910,358311,4489,92804371,14014,1.9,Keyboard is comfortable to type on for hours.,,
639,358573,5298,67150995,82744,4.7,Very responsive touch screen and fast processing speed.,,
925,360991,3885,94830565,72212,4.6,"Heats up quickly under load, which is a bit of a concern.",,
745,360998,3044,76433154,15637,4.2,"Battery life lasts all day, ideal for long work sessions.",,
905,361031,3455,92479194,80464,4.5,Very responsive touch screen and fast processing speed.,,
610,361398,2056,64037606,19012,4.5,"Battery life lasts all day, ideal for long work sessions.",,
356,362068,7143,40093888,69658,4.5,Very responsive touch screen and fast processing speed.,,
64,362424,8254,15880239,90616,1.9,Very responsive touch screen and fast processing speed.,,
918,362758,4694,93715102,47921,0.3,"Heats up quickly under load, which is a bit of a concern.",,
987,363088,7182,99188220,63181,1.3,Sleek design with a high-resolution display.,,
868,363411,8817,89274745,81815,3.3,"Heats up quickly under load, which is a bit of a concern.",,
554,365539,9318,58044208,82561,2.8,Affordable yet efficient for everyday use.,,
51,366581,2606,14934071,71741,0.6,Affordable yet efficient for everyday use.,,
659,368005,7419,68631554,51727,4.3,Keyboard is comfortable to type on for hours.,,
807,369574,2787,82123690,29560,3.2,"Heats up quickly under load, which is a bit of a concern.",,
291,370546,4780,34599232,94099,2.7,Powerful laptop that can perform multiple tasks at a time.,,
752,370934,3384,77191195,93269,0.6,Keyboard is comfortable to type on for hours.,,
184,373054,9909,26323517,73560,3.2,Keyboard is comfortable to type on for hours.,,
378,374487,5755,41948779,13861,2.3,Affordable yet efficient for everyday use.,,
114,375649,5524,20246830,22808,1.3,Very responsive touch screen and fast processing speed.,,
8,376053,3684,11195144,88587,4.6,Powerful laptop that can perform multiple tasks at a time.,,
644,377659,3825,67516986,94730,1.1,Great for gaming with superb graphics performance.,,
957,379480,8640,97457127,65521,3.9,"Battery life lasts all day, ideal for long work sessions.",,
968,379759,4928,98053883,86035,3.6,Great for gaming with superb graphics performance.,,
914,380066,8729,93362134,80598,0.9,"Lacks USB-C ports, which is a downside for future-proofing.",,
586,380465,2215,60915975,79776,1.4,"Lacks USB-C ports, which is a downside for future-proofing.",,
939,382911,1243,96071962,96366,4.5,Great for gaming with superb graphics performance.,,
477,383274,9514,50828874,35071,1.5,"Lightweight and portable, perfect for traveling.",,
140,383471,4594,22213619,99828,2.1,"Heats up quickly under load, which is a bit of a concern.",,
592,383849,8258,61673798,59978,1.8,"Battery life lasts all day, ideal for long work sessions.",,
165,384145,4801,24581584,45375,0.5,Affordable yet efficient for everyday use.,,
634,384438,5189,66551163,76727,3.7,Sleek design with a high-resolution display.,,
149,384530,6289,23456288,38746,4.1,"Heats up quickly under load, which is a bit of a concern.",,
671,385149,5220,69220474,63644,2.9,Powerful laptop that can perform multiple tasks at a time.,,
798,385174,3728,81212109,10249,1.1,"Lightweight and portable, perfect for traveling.",,
810,386189,6531,82678178,30098,1.1,Powerful laptop that can perform multiple tasks at a time.,,
241,388794,6309,31124105,53884,1.0,Sleek design with a high-resolution display.,,
719,389197,6937,74194713,27877,0.4,Powerful laptop that can perform multiple tasks at a time.,,
326,389329,1897,37383524,50778,1.4,Powerful laptop that can perform multiple tasks at a time.,,
575,390310,5855,59549538,85253,3.0,Sleek design with a high-resolution display.,,
160,390666,8009,24314984,63939,0.4,Sleek design with a high-resolution display.,,
906,393169,7338,92482044,35109,4.8,Great for gaming with superb graphics performance.,,
506,393533,9335,53771863,23422,1.8,Great for gaming with superb graphics performance.,,
81,394655,7594,17733061,56643,2.5,Very responsive touch screen and fast processing speed.,,
455,395504,1716,48217311,47770,1.9,Very responsive touch screen and fast processing speed.,,
257,396569,9477,32211709,27478,3.8,Affordable yet efficient for everyday use.,,
499,396599,2894,53004354,88606,3.5,"Lacks USB-C ports, which is a downside for future-proofing.",,
911,397238,9814,92900455,33658,0.6,Affordable yet efficient for everyday use.,,
609,397559,4432,63958124,51649,4.2,"Lightweight and portable, perfect for traveling.",,
474,397671,2235,50502924,45389,3.6,Great for gaming with superb graphics performance.,,
785,397861,8058,79945207,43295,2.3,Powerful laptop that can perform multiple tasks at a time.,,
773,397867,4229,79012063,37027,1.5,Very responsive touch screen and fast processing speed.,,
692,398152,6312,71156777,42315,4.2,Affordable yet efficient for everyday use.,,
402,398320,2546,43859824,13279,1.4,"Lacks USB-C ports, which is a downside for future-proofing.",,
940,399466,6614,96167054,13145,1.8,Affordable yet efficient for everyday use.,,
109,400500,3474,19949261,60693,4.4,Powerful laptop that can perform multiple tasks at a time.,,
604,401834,1398,63385923,82633,0.8,Powerful laptop that can perform multiple tasks at a time.,,
594,401840,4083,61717922,78203,2.5,"Lacks USB-C ports, which is a downside for future-proofing.",,
865,403015,3996,88927066,81193,2.6,"Lightweight and portable, perfect for traveling.",,
252,403055,7785,31621642,47752,0.3,"Lacks USB-C ports, which is a downside for future-proofing.",,
847,403664,5923,86762829,78000,2.7,Affordable yet efficient for everyday use.,,
581,404520,9431,60516808,38908,3.0,Keyboard is comfortable to type on for hours.,,
897,404991,3947,92010762,77271,4.5,Keyboard is comfortable to type on for hours.,,
715,405395,9309,73556733,89830,1.9,Keyboard is comfortable to type on for hours.,,
539,406992,6997,56436932,23496,4.8,"Battery life lasts all day, ideal for long work sessions.",,
996,407951,1040,99553536,57509,4.2,Keyboard is comfortable to type on for hours.,,
984,408274,9333,98977240,80248,4.0,Very responsive touch screen and fast processing speed.,,
783,409432,2923,79657129,65066,4.9,"Heats up quickly under load, which is a bit of a concern.",,
885,409756,3915,90858889,90250,3.7,"Lightweight and portable, perfect for traveling.",,
942,411483,6647,96265721,43651,3.6,"Lightweight and portable, perfect for traveling.",,
434,412321,9817,46707589,62883,0.7,Very responsive touch screen and fast processing speed.,,
769,412553,5262,78595690,81284,1.9,Powerful laptop that can perform multiple tasks at a time.,,
981,413745,5380,98834422,98747,1.0,"Lacks USB-C ports, which is a downside for future-proofing.",,
292,416018,3119,34625648,61990,2.1,"Heats up quickly under load, which is a bit of a concern.",,
588,417908,4545,61039062,40612,1.9,Very responsive touch screen and fast processing speed.,,
47,418394,2477,14689619,93343,1.2,"Lacks USB-C ports, which is a downside for future-proofing.",,
907,420540,6374,92608271,36907,1.2,Affordable yet efficient for everyday use.,,
513,420798,7436,54368393,41496,3.5,Great for gaming with superb graphics performance.,,
345,421445,3892,39066026,75220,3.1,"Battery life lasts all day, ideal for long work sessions.",,
31,422050,3520,13416404,30008,1.1,Powerful laptop that can perform multiple tasks at a time.,,
411,423428,4807,44554084,97670,0.8,"Battery life lasts all day, ideal for long work sessions.",,
699,423822,8447,71944927,72106,4.4,Very responsive touch screen and fast processing speed.,,
311,424444,8456,35954589,19456,3.7,"Battery life lasts all day, ideal for long work sessions.",,
498,425292,3685,52899060,67735,3.5,"Battery life lasts all day, ideal for long work sessions.",,
155,426691,4867,23831799,83289,0.1,Sleek design with a high-resolution display.,,
322,427006,1501,36929300,79402,0.4,Very responsive touch screen and fast processing speed.,,
997,427815,5516,99662534,30924,3.5,Great for gaming with superb graphics performance.,,
966,430304,2613,98030434,85894,4.0,Sleek design with a high-resolution display.,,
84,430582,7662,18010517,36443,3.5,Great for gaming with superb graphics performance.,,
116,432782,2869,20367989,17036,0.7,"Lightweight and portable, perfect for traveling.",,
591,433112,3626,61610339,81437,1.9,"Lightweight and portable, perfect for traveling.",,
919,434585,9159,93970759,40268,3.7,"Heats up quickly under load, which is a bit of a concern.",,
99,434926,1890,19070422,22260,0.9,Great for gaming with superb graphics performance.,,
965,435605,2549,97939054,10456,4.8,Very responsive touch screen and fast processing speed.,,
799,435999,4185,81223390,39964,4.7,Powerful laptop that can perform multiple tasks at a time.,,
517,437633,4510,54603596,49664,2.9,"Battery life lasts all day, ideal for long work sessions.",,
1,438467,8028,10184137,91700,0.9,Powerful laptop that can perform multiple tasks at a time.,,
119,439359,8416,20636745,56400,4.1,Great for gaming with superb graphics performance.,,
561,439520,3526,58693703,27939,2.7,"Heats up quickly under load, which is a bit of a concern.",,
388,439587,6965,43190939,47232,4.2,"Heats up quickly under load, which is a bit of a concern.",,
436,440035,4693,46830706,56235,2.2,Keyboard is comfortable to type on for hours.,,
661,441705,9601,68781107,48778,4.7,Great for gaming with superb graphics performance.,,
881,441769,3034,90437310,51083,0.3,Sleek design with a high-resolution display.,,
762,442023,4995,78216534,86212,3.1,Keyboard is comfortable to type on for hours.,,
541,442303,4678,56547805,76815,3.8,Keyboard is comfortable to type on for hours.,,
560,443372,5905,58657623,64134,2.4,"Lacks USB-C ports, which is a downside for future-proofing.",,
608,443483,4145,63890803,60100,2.3,Powerful laptop that can perform multiple tasks at a time.,,
53,443684,1384,15112316,49808,1.7,Great for gaming with superb graphics performance.,,
138,445251,2415,21861464,78995,0.1,"Heats up quickly under load, which is a bit of a concern.",,
40,445868,7479,14291875,52226,1.9,"Lacks USB-C ports, which is a downside for future-proofing.",,
549,445941,1891,57511939,10754,3.0,Great for gaming with superb graphics performance.,,
522,446515,4341,55355558,52155,3.2,"Lightweight and portable, perfect for traveling.",,
15,447454,9173,12023776,78280,4.7,Keyboard is comfortable to type on for hours.,,
650,447730,6746,67937527,52530,4.4,Keyboard is comfortable to type on for hours.,,
382,447798,7892,42303794,77753,2.6,"Battery life lasts all day, ideal for long work sessions.",,
363,448139,5081,40778866,66405,3.0,Sleek design with a high-resolution display.,,
92,448278,6444,18681217,15719,4.0,"Battery life lasts all day, ideal for long work sessions.",,
348,450512,3444,39197892,34634,0.1,"Lacks USB-C ports, which is a downside for future-proofing.",,
141,450975,2914,22257780,84224,0.5,"Lightweight and portable, perfect for traveling.",,
518,452120,9716,54619163,65224,3.7,Powerful laptop that can perform multiple tasks at a time.,,
189,452557,7703,26713052,73706,1.0,"Lacks USB-C ports, which is a downside for future-proofing.",,
638,452679,6947,67092769,93016,4.4,"Lightweight and portable, perfect for traveling.",,
760,452875,2990,78006235,40763,0.6,"Lightweight and portable, perfect for traveling.",,
222,452882,8120,29781707,49496,4.1,"Heats up quickly under load, which is a bit of a concern.",,
812,452936,3712,82801436,89675,1.7,Sleek design with a high-resolution display.,,
950,454174,3751,96709258,70524,4.3,Keyboard is comfortable to type on for hours.,,
298,454573,8515,35119877,73622,1.4,"Battery life lasts all day, ideal for long work sessions.",,
182,454671,7030,26193337,62500,2.8,"Battery life lasts all day, ideal for long work sessions.",,
657,454792,3394,68266433,70346,2.8,"Battery life lasts all day, ideal for long work sessions.",,
223,454816,2108,30184519,17623,0.9,"Heats up quickly under load, which is a bit of a concern.",,
61,455234,2162,15669237,31738,0.6,"Lightweight and portable, perfect for traveling.",,
297,460410,3886,35059704,52651,2.9,Sleek design with a high-resolution display.,,
946,462098,5379,96622741,44940,2.1,Keyboard is comfortable to type on for hours.,,
487,464803,7089,51999887,83803,3.8,Very responsive touch screen and fast processing speed.,,
163,465024,1781,24546351,42001,2.5,Powerful laptop that can perform multiple tasks at a time.,,
597,467280,1131,62567459,60097,2.0,Keyboard is comfortable to type on for hours.,,
294,467441,6975,34793737,77218,4.9,"Lacks USB-C ports, which is a downside for future-proofing.",,
142,468033,3884,22321756,44621,4.7,"Heats up quickly under load, which is a bit of a concern.",,
177,468529,8822,25823422,41276,0.6,Sleek design with a high-resolution display.,,
921,469190,1606,94303817,25592,3.7,Keyboard is comfortable to type on for hours.,,
135,471396,7759,21663173,86181,4.3,Very responsive touch screen and fast processing speed.,,
833,471969,5286,85767024,99672,3.9,Great for gaming with superb graphics performance.,,
59,471997,7559,15465231,27019,2.2,Great for gaming with superb graphics performance.,,
567,474814,6105,58938556,72768,3.9,Very responsive touch screen and fast processing speed.,,
974,474835,7411,98554309,95614,0.9,"Lightweight and portable, perfect for traveling.",,
29,474845,2044,13162768,21354,0.0,Sleek design with a high-resolution display.,,
765,475973,4986,78414448,24105,2.0,Powerful laptop that can perform multiple tasks at a time.,,
171,477533,9033,25238934,64917,0.9,Great for gaming with superb graphics performance.,,
861,479162,5807,88269326,21488,3.6,Sleek design with a high-resolution display.,,
213,479309,4103,29007774,88369,1.8,Great for gaming with superb graphics performance.,,
154,480910,1889,23689906,86576,3.1,Sleek design with a high-resolution display.,,
73,481136,9172,16778932,16441,4.7,Powerful laptop that can perform multiple tasks at a time.,,
27,482963,5343,12885727,23349,1.6,Great for gaming with superb graphics performance.,,
100,483759,1404,19357746,78088,1.4,"Lightweight and portable, perfect for traveling.",,
167,486317,4590,24768383,19962,1.2,"Battery life lasts all day, ideal for long work sessions.",,
159,486849,6318,24304326,70498,3.3,Great for gaming with superb graphics performance.,,
309,489074,9617,35801611,68843,2.5,"Lightweight and portable, perfect for traveling.",,
70,490126,6160,16349867,24098,2.1,"Lightweight and portable, perfect for traveling.",,
761,490392,9886,78135852,18077,1.7,"Lacks USB-C ports, which is a downside for future-proofing.",,
368,492378,2530,41093897,37106,4.6,"Lacks USB-C ports, which is a downside for future-proofing.",,
813,495025,2949,82856164,43496,0.1,"Lightweight and portable, perfect for traveling.",,
723,495501,5322,74467303,58646,3.8,Great for gaming with superb graphics performance.,,
390,495714,4856,43339409,78974,2.6,Affordable yet efficient for everyday use.,,
203,495773,8925,28018202,43555,4.7,Sleek design with a high-resolution display.,,
753,496210,8555,77224311,74184,0.8,Affordable yet efficient for everyday use.,,
708,498029,3741,72995434,53283,0.1,Powerful laptop that can perform multiple tasks at a time.,,
684,498413,4393,70335471,37133,3.8,Affordable yet efficient for everyday use.,,
432,499615,3240,46504530,86423,3.5,Sleek design with a high-resolution display.,,
521,499787,8080,55352717,71297,0.7,"Lightweight and portable, perfect for traveling.",,
231,500991,8133,30520360,12902,0.8,"Lacks USB-C ports, which is a downside for future-proofing.",,
441,501946,6189,46961027,66804,4.7,Very responsive touch screen and fast processing speed.,,
835,502787,3896,85926731,93219,0.1,"Lightweight and portable, perfect for traveling.",,
862,504544,2451,88360359,27893,1.2,"Lightweight and portable, perfect for traveling.",,
254,505769,8677,31956863,10377,1.3,Keyboard is comfortable to type on for hours.,,
414,507536,9546,44868187,90977,2.1,Great for gaming with superb graphics performance.,,
279,509503,7156,33888544,17360,4.6,"Lightweight and portable, perfect for traveling.",,
268,511151,2189,32709256,34211,2.6,Great for gaming with superb graphics performance.,,
744,512022,3014,76351003,63403,3.4,"Lightweight and portable, perfect for traveling.",,
529,512101,8517,55704354,25432,4.2,Keyboard is comfortable to type on for hours.,,
573,513128,6413,59451369,86245,1.0,Powerful laptop that can perform multiple tasks at a time.,,
226,513781,6688,30367022,90413,2.2,Keyboard is comfortable to type on for hours.,,
206,514875,1504,28234072,32458,3.6,Great for gaming with superb graphics performance.,,
296,515051,8654,35003045,46793,1.9,Great for gaming with superb graphics performance.,,
87,515367,9863,18317520,87853,4.2,Very responsive touch screen and fast processing speed.,,
726,518558,9054,74587085,98671,4.3,Affordable yet efficient for everyday use.,,
153,518677,4818,23661858,65909,0.5,"Battery life lasts all day, ideal for long work sessions.",,
824,520585,4465,84919057,93034,3.0,Very responsive touch screen and fast processing speed.,,
826,523092,4449,85061135,64036,0.3,Sleek design with a high-resolution display.,,
844,525135,3268,86598433,22448,2.0,"Battery life lasts all day, ideal for long work sessions.",,
749,525508,1216,76908614,38278,1.9,"Heats up quickly under load, which is a bit of a concern.",,
4,528380,3578,10761336,82968,2.9,Sleek design with a high-resolution display.,,
418,530328,1141,45299281,99135,1.8,Great for gaming with superb graphics performance.,,
79,530939,7599,17371883,42714,1.9,"Battery life lasts all day, ideal for long work sessions.",,
161,531529,2844,24335361,51214,4.2,Affordable yet efficient for everyday use.,,
319,531963,4889,36793146,99302,0.6,Keyboard is comfortable to type on for hours.,,
709,534215,6360,73026242,62042,1.2,Sleek design with a high-resolution display.,,
164,534437,6075,24580384,65944,4.5,Very responsive touch screen and fast processing speed.,,
324,534668,6493,37033982,37322,3.4,"Lacks USB-C ports, which is a downside for future-proofing.",,
365,535433,1860,40883983,97851,4.0,"Battery life lasts all day, ideal for long work sessions.",,
71,536123,2999,16600612,43333,3.8,"Heats up quickly under load, which is a bit of a concern.",,
743,537467,3261,76287174,37289,2.9,"Heats up quickly under load, which is a bit of a concern.",,
837,538695,4953,85962748,28183,4.5,Very responsive touch screen and fast processing speed.,,
316,539021,9381,36577429,68426,3.5,Keyboard is comfortable to type on for hours.,,
44,542741,2744,14561803,50229,0.1,"Lacks USB-C ports, which is a downside for future-proofing.",,
409,543272,1616,44429943,43184,3.4,Keyboard is comfortable to type on for hours.,,
344,543490,1758,38873490,79065,1.4,"Battery life lasts all day, ideal for long work sessions.",,
695,543795,8432,71200566,22597,4.2,Keyboard is comfortable to type on for hours.,,
896,543926,4615,91673234,77447,0.1,"Lightweight and portable, perfect for traveling.",,
973,543997,3806,98484977,55700,1.5,Very responsive touch screen and fast processing speed.,,
23,544958,5048,12673713,45646,4.1,"Heats up quickly under load, which is a bit of a concern.",,
404,545693,5510,44093960,43162,2.7,Great for gaming with superb graphics performance.,,
117,546387,8486,20385832,33008,2.3,Great for gaming with superb graphics performance.,,
707,548160,8016,72852682,67046,4.4,Powerful laptop that can perform multiple tasks at a time.,,
493,548544,2524,52621194,42780,1.4,"Lacks USB-C ports, which is a downside for future-proofing.",,
620,548856,9146,65036381,87166,1.4,Great for gaming with superb graphics performance.,,
110,549175,7566,19994274,19609,0.8,"Battery life lasts all day, ideal for long work sessions.",,
60,550554,7579,15575195,54065,4.7,"Heats up quickly under load, which is a bit of a concern.",,
199,550902,8390,27500455,52574,5.0,Sleek design with a high-resolution display.,,
28,551402,5325,13136261,56796,3.2,Keyboard is comfortable to type on for hours.,,
421,552027,4870,45503357,31750,3.3,Powerful laptop that can perform multiple tasks at a time.,,
399,552601,3029,43648273,75042,3.8,Keyboard is comfortable to type on for hours.,,
333,553137,7055,38034621,47832,0.3,Affordable yet efficient for everyday use.,,
982,553829,4148,98898061,83224,2.7,Powerful laptop that can perform multiple tasks at a time.,,
953,555798,6969,96956180,92540,2.3,Powerful laptop that can perform multiple tasks at a time.,,
76,558393,7173,16940703,62381,0.5,Sleek design with a high-resolution display.,,
538,558559,3727,56435161,12886,1.9,Great for gaming with superb graphics performance.,,
971,558589,2974,98219524,20681,0.4,Great for gaming with superb graphics performance.,,
335,560550,1105,38084335,35333,1.7,Sleek design with a high-resolution display.,,
261,562419,1479,32460186,52026,0.7,Powerful laptop that can perform multiple tasks at a time.,,
693,562993,3817,71158196,72603,3.9,"Lightweight and portable, perfect for traveling.",,
458,564357,9127,48556279,67184,2.5,"Heats up quickly under load, which is a bit of a concern.",,
792,564402,9432,80470888,14826,0.9,Sleek design with a high-resolution display.,,
568,567126,8604,59055757,31367,1.2,"Battery life lasts all day, ideal for long work sessions.",,
445,567320,1915,47039650,69009,4.9,"Heats up quickly under load, which is a bit of a concern.",,
872,567749,4511,89566658,80220,1.6,"Battery life lasts all day, ideal for long work sessions.",,
205,568704,2422,28233773,69675,1.9,Very responsive touch screen and fast processing speed.,,
713,570860,1030,73235731,84377,2.5,Very responsive touch screen and fast processing speed.,,
374,571493,6281,41774492,17270,1.0,Sleek design with a high-resolution display.,,
666,571893,4771,69068267,33031,2.2,Very responsive touch screen and fast processing speed.,,
113,572873,3597,20200162,28049,3.7,"Lacks USB-C ports, which is a downside for future-proofing.",,
349,572940,3933,39282571,85618,4.2,Affordable yet efficient for everyday use.,,
928,574093,5664,94923087,58003,0.6,"Battery life lasts all day, ideal for long work sessions.",,
843,574537,1386,86513458,18551,1.7,Great for gaming with superb graphics performance.,,
664,577515,2611,68959591,33728,0.8,Very responsive touch screen and fast processing speed.,,
514,578212,8730,54369074,74661,1.7,Great for gaming with superb graphics performance.,,
777,578602,3073,79240922,90871,0.8,"Heats up quickly under load, which is a bit of a concern.",,
39,578651,1475,14200470,70322,3.9,"Battery life lasts all day, ideal for long work sessions.",,
173,578848,2706,25314016,33916,4.8,Great for gaming with superb graphics performance.,,
507,579093,7086,53900981,52492,3.5,"Heats up quickly under load, which is a bit of a concern.",,
169,581153,5577,25010766,75419,2.1,Very responsive touch screen and fast processing speed.,,
228,583195,3793,30475466,63241,0.6,Great for gaming with superb graphics performance.,,
385,583590,6684,42687910,36917,0.1,Keyboard is comfortable to type on for hours.,,
840,583633,1879,86209870,23464,4.6,"Battery life lasts all day, ideal for long work sessions.",,
372,588143,1098,41691981,14830,1.4,Sleek design with a high-resolution display.,,
97,589733,1478,18967414,73525,1.4,Powerful laptop that can perform multiple tasks at a time.,,
956,593331,8876,97389041,27680,0.9,"Battery life lasts all day, ideal for long work sessions.",,
266,593376,7363,32593185,42179,2.5,Powerful laptop that can perform multiple tasks at a time.,,
834,593442,5212,85842209,44363,4.3,Sleek design with a high-resolution display.,,
578,594535,5384,59820199,45873,3.4,Very responsive touch screen and fast processing speed.,,
364,595091,8134,40801321,56855,1.0,"Battery life lasts all day, ideal for long work sessions.",,
701,595398,3405,72141519,95079,1.3,Great for gaming with superb graphics performance.,,
623,595850,7675,65356568,62813,3.7,Keyboard is comfortable to type on for hours.,,
454,596453,3514,48119334,47643,1.2,"Heats up quickly under load, which is a bit of a concern.",,
310,597582,9301,35953652,46453,3.5,Great for gaming with superb graphics performance.,,
484,597740,9253,51388067,76512,2.7,Sleek design with a high-resolution display.,,
52,597975,9637,15004429,14765,4.8,"Heats up quickly under load, which is a bit of a concern.",,
903,598902,3300,92300015,94342,0.3,Sleek design with a high-resolution display.,,
9,599455,5163,11364104,41265,4.8,Sleek design with a high-resolution display.,,
93,599901,1973,18710267,69589,0.3,Very responsive touch screen and fast processing speed.,,
775,601807,8763,79039508,98539,1.8,"Lacks USB-C ports, which is a downside for future-proofing.",,
134,601818,2740,21395236,64185,0.6,Keyboard is comfortable to type on for hours.,,
105,603057,1723,19791153,11178,2.1,"Battery life lasts all day, ideal for long work sessions.",,
334,603208,4546,38072766,30735,4.8,Keyboard is comfortable to type on for hours.,,
464,603425,5978,48967490,72026,0.4,"Lacks USB-C ports, which is a downside for future-proofing.",,
552,603797,8528,57822769,11878,4.4,Powerful laptop that can perform multiple tasks at a time.,,
954,604116,4371,96985780,36464,3.0,Keyboard is comfortable to type on for hours.,,
607,605839,1311,63695024,61800,1.0,Very responsive touch screen and fast processing speed.,,
871,609500,2663,89524158,13628,0.1,Great for gaming with superb graphics performance.,,
227,610995,1138,30374089,74964,3.8,"Lacks USB-C ports, which is a downside for future-proofing.",,
469,611483,2708,49542346,48969,1.2,Affordable yet efficient for everyday use.,,
338,611734,9708,38158643,29221,0.6,"Heats up quickly under load, which is a bit of a concern.",,
873,613516,5222,89569322,36980,1.8,Affordable yet efficient for everyday use.,,
68,613977,4583,16313224,94899,4.5,Great for gaming with superb graphics performance.,,
275,614028,7258,33522067,62457,4.2,"Lacks USB-C ports, which is a downside for future-proofing.",,
41,614356,2542,14335120,28228,3.1,"Lacks USB-C ports, which is a downside for future-proofing.",,
590,614665,9365,61599827,27544,4.3,Very responsive touch screen and fast processing speed.,,
786,614758,9268,79984219,74800,1.0,"Heats up quickly under load, which is a bit of a concern.",,
341,615085,4485,38789704,53513,2.7,"Heats up quickly under load, which is a bit of a concern.",,
265,616422,8727,32577199,58670,1.4,Affordable yet efficient for everyday use.,,
643,616582,6998,67507194,83049,4.2,Keyboard is comfortable to type on for hours.,,
816,618383,4823,83426495,63440,4.7,"Lacks USB-C ports, which is a downside for future-proofing.",,
54,618570,5919,15172998,61920,1.8,"Battery life lasts all day, ideal for long work sessions.",,
537,618810,6847,56413319,35940,5.0,Sleek design with a high-resolution display.,,
449,619581,7860,47405428,80285,4.5,Great for gaming with superb graphics performance.,,
451,619632,8767,47527894,37621,1.0,Powerful laptop that can perform multiple tasks at a time.,,
822,620203,2884,84673129,13940,1.6,Very responsive touch screen and fast processing speed.,,
771,620916,7434,78991062,54481,3.6,Affordable yet efficient for everyday use.,,
848,622567,7592,86844347,24078,3.8,"Lightweight and portable, perfect for traveling.",,
640,623562,1021,67371033,25974,1.5,Sleek design with a high-resolution display.,,
698,624527,2069,71804907,54522,2.8,Very responsive touch screen and fast processing speed.,,
652,624963,7407,68015452,76177,2.8,Affordable yet efficient for everyday use.,,
269,625748,3479,32814571,22117,4.2,Keyboard is comfortable to type on for hours.,,
176,629471,2592,25547597,16178,0.4,Sleek design with a high-resolution display.,,
466,630636,6564,49134225,45144,1.1,Very responsive touch screen and fast processing speed.,,
741,633311,6824,75787894,29673,4.5,Very responsive touch screen and fast processing speed.,,
56,635245,6107,15258663,43985,0.4,"Lightweight and portable, perfect for traveling.",,
636,636915,3315,66750634,33524,0.2,Powerful laptop that can perform multiple tasks at a time.,,
882,637812,2751,90562368,38819,2.2,Keyboard is comfortable to type on for hours.,,
190,638671,8398,26717005,22034,1.2,Powerful laptop that can perform multiple tasks at a time.,,
887,639222,2475,91105478,39793,4.0,Sleek design with a high-resolution display.,,
612,639481,8336,64110036,49844,3.7,Very responsive touch screen and fast processing speed.,,
423,639652,4538,45720834,19052,2.5,Keyboard is comfortable to type on for hours.,,
278,642721,6425,33844486,14723,4.1,"Lightweight and portable, perfect for traveling.",,
908,645824,2877,92687683,17908,1.9,"Battery life lasts all day, ideal for long work sessions.",,
63,647300,4428,15727311,99383,1.5,"Battery life lasts all day, ideal for long work sessions.",,
426,648808,1959,45961481,72874,2.1,"Lacks USB-C ports, which is a downside for future-proofing.",,
778,649395,9011,79250456,53872,4.0,Great for gaming with superb graphics performance.,,
884,650182,4139,90858307,89237,3.7,"Lightweight and portable, perfect for traveling.",,
305,650402,7773,35659542,79509,1.3,Sleek design with a high-resolution display.,,
285,653218,9656,34281183,46142,2.2,"Heats up quickly under load, which is a bit of a concern.",,
301,654527,2629,35378703,84995,3.5,"Lightweight and portable, perfect for traveling.",,
779,655291,5733,79498967,45161,0.9,Powerful laptop that can perform multiple tasks at a time.,,
892,656222,6295,91407518,63516,1.6,Keyboard is comfortable to type on for hours.,,
849,656707,6716,86886443,32648,2.2,Powerful laptop that can perform multiple tasks at a time.,,
6,659708,9445,11068592,97075,4.9,Sleek design with a high-resolution display.,,
234,660695,9737,30981236,10532,2.9,Sleek design with a high-resolution display.,,
300,660792,5644,35299400,53420,3.5,Affordable yet efficient for everyday use.,,
721,661819,5284,74377266,43769,2.4,Affordable yet efficient for everyday use.,,
197,661834,2851,27448178,25429,3.3,Very responsive touch screen and fast processing speed.,,
963,662421,6157,97891954,46647,3.1,"Heats up quickly under load, which is a bit of a concern.",,
96,663369,1173,18911851,20714,4.7,Powerful laptop that can perform multiple tasks at a time.,,
101,663706,2245,19410749,32391,1.8,Sleek design with a high-resolution display.,,
716,663888,5304,73795921,82499,4.3,Affordable yet efficient for everyday use.,,
481,664413,7820,51162216,39056,4.2,Powerful laptop that can perform multiple tasks at a time.,,
425,665212,8653,45898963,95277,3.8,Very responsive touch screen and fast processing speed.,,
321,667238,3722,36825709,55824,4.1,Keyboard is comfortable to type on for hours.,,
429,667379,2222,46286951,84357,0.4,Sleek design with a high-resolution display.,,
327,668286,1191,37395883,57484,3.4,"Battery life lasts all day, ideal for long work sessions.",,
814,669239,7082,82861880,37340,0.8,Affordable yet efficient for everyday use.,,
767,671789,8690,78428989,55948,3.2,Powerful laptop that can perform multiple tasks at a time.,,
103,672170,9788,19665184,69436,4.6,"Lightweight and portable, perfect for traveling.",,
589,672389,8126,61095031,71443,0.2,Affordable yet efficient for everyday use.,,
577,674220,3862,59716627,64273,2.8,Very responsive touch screen and fast processing speed.,,
16,675099,9421,12078709,97595,1.6,Sleek design with a high-resolution display.,,
747,675334,9480,76728425,73963,0.5,"Battery life lasts all day, ideal for long work sessions.",,
250,675806,4020,31504939,35808,1.9,Powerful laptop that can perform multiple tasks at a time.,,
401,675862,4706,43749672,71505,0.9,"Battery life lasts all day, ideal for long work sessions.",,
457,675976,8878,48462996,81158,2.8,Keyboard is comfortable to type on for hours.,,
20,676754,6092,12296744,86072,0.3,Affordable yet efficient for everyday use.,,
902,677702,8977,92271401,39472,3.6,"Lacks USB-C ports, which is a downside for future-proofing.",,
106,677769,8774,19810960,69051,1.7,"Battery life lasts all day, ideal for long work sessions.",,
781,678333,5953,79560694,22477,4.7,Sleek design with a high-resolution display.,,
930,678439,4697,95175360,80702,0.7,Keyboard is comfortable to type on for hours.,,
214,678835,6542,29046722,83105,3.3,Very responsive touch screen and fast processing speed.,,
78,679013,4413,17216528,45059,0.4,"Lacks USB-C ports, which is a downside for future-proofing.",,
236,679163,2784,30998899,79940,2.7,"Battery life lasts all day, ideal for long work sessions.",,
35,679218,9905,13723800,84116,4.2,Affordable yet efficient for everyday use.,,
323,679310,6461,36950247,71816,4.8,Sleek design with a high-resolution display.,,
626,680130,4797,65937300,80602,1.8,Sleek design with a high-resolution display.,,
170,680513,5737,25065596,85717,4.6,"Lacks USB-C ports, which is a downside for future-proofing.",,
459,680611,1312,48585446,52722,3.1,"Lightweight and portable, perfect for traveling.",,
403,680899,4287,44085164,81208,1.3,"Heats up quickly under load, which is a bit of a concern.",,
660,682045,7661,68752204,18932,3.5,Affordable yet efficient for everyday use.,,
754,683630,2970,77443201,57932,3.5,"Lacks USB-C ports, which is a downside for future-proofing.",,
367,684933,5569,40963187,72621,0.0,"Battery life lasts all day, ideal for long work sessions.",,
216,686570,9526,29261379,30812,3.8,Very responsive touch screen and fast processing speed.,,
36,686596,2696,13964854,66647,4.7,"Battery life lasts all day, ideal for long work sessions.",,
183,686598,6381,26311614,64644,2.2,Great for gaming with superb graphics performance.,,
864,688198,5317,88866928,84750,3.8,"Lightweight and portable, perfect for traveling.",,
393,689139,3181,43466291,35570,2.1,Sleek design with a high-resolution display.,,
172,689340,1228,25268971,32367,0.6,Very responsive touch screen and fast processing speed.,,
19,689349,9437,12158202,92706,3.8,Keyboard is comfortable to type on for hours.,,
625,690485,6053,65934003,13015,0.5,"Battery life lasts all day, ideal for long work sessions.",,
264,691693,9192,32521891,39872,4.5,Sleek design with a high-resolution display.,,
446,691764,5634,47079520,62573,2.4,"Battery life lasts all day, ideal for long work sessions.",,
630,691838,4932,66170076,91662,2.7,Very responsive touch screen and fast processing speed.,,
448,692459,3842,47375297,18108,3.5,Powerful laptop that can perform multiple tasks at a time.,,
74,694792,7825,16823355,44540,4.9,Very responsive touch screen and fast processing speed.,,
510,695548,6068,54007824,40775,3.1,Great for gaming with superb graphics performance.,,
304,697982,6031,35604380,18322,2.0,Powerful laptop that can perform multiple tasks at a time.,,
565,698405,4787,58889600,41190,2.5,Very responsive touch screen and fast processing speed.,,
191,698644,2364,26748848,86770,3.1,"Lightweight and portable, perfect for traveling.",,
21,699456,4311,12535905,91267,0.9,"Lightweight and portable, perfect for traveling.",,
682,699725,5538,69932429,15911,0.1,Very responsive touch screen and fast processing speed.,,
806,701204,2024,82046677,74543,1.4,Very responsive touch screen and fast processing speed.,,
86,701579,9830,18130352,81152,1.9,"Lacks USB-C ports, which is a downside for future-proofing.",,
757,702110,2227,77700123,59291,4.2,Powerful laptop that can perform multiple tasks at a time.,,
883,702930,3503,90705961,98567,2.1,Affordable yet efficient for everyday use.,,
495,703793,6042,52647537,72275,1.4,"Lightweight and portable, perfect for traveling.",,
352,705053,9580,39803774,30440,2.6,"Lightweight and portable, perfect for traveling.",,
994,705142,9255,99437849,43267,1.6,Keyboard is comfortable to type on for hours.,,
235,705395,5802,30985575,62873,0.7,Sleek design with a high-resolution display.,,
359,708363,4504,40123640,94021,4.2,Powerful laptop that can perform multiple tasks at a time.,,
815,709885,8420,83334413,16517,0.8,"Lacks USB-C ports, which is a downside for future-proofing.",,
440,709922,9052,46948582,17219,4.8,"Lightweight and portable, perfect for traveling.",,
755,710448,8823,77498731,83810,1.3,Sleek design with a high-resolution display.,,
598,710453,7881,62805180,22538,3.9,Powerful laptop that can perform multiple tasks at a time.,,
603,711591,1233,63316022,39391,0.7,Affordable yet efficient for everyday use.,,
26,712495,6402,12872662,23756,0.9,Sleek design with a high-resolution display.,,
244,713055,9452,31307657,92845,0.6,Keyboard is comfortable to type on for hours.,,
596,713669,2612,62566508,80719,4.6,"Lacks USB-C ports, which is a downside for future-proofing.",,
805,713737,2354,82018668,11698,1.1,Keyboard is comfortable to type on for hours.,,
531,714920,7720,56083817,15110,2.5,Keyboard is comfortable to type on for hours.,,
800,715658,6150,81502464,21102,2.2,"Lacks USB-C ports, which is a downside for future-proofing.",,
576,720037,2527,59628278,93645,1.8,Powerful laptop that can perform multiple tasks at a time.,,
380,720237,1339,42097493,29771,3.1,Great for gaming with superb graphics performance.,,
351,720624,6561,39456621,89624,3.1,Sleek design with a high-resolution display.,,
32,722172,5495,13455943,56839,0.1,"Lightweight and portable, perfect for traveling.",,
555,723996,5233,58108159,65928,1.4,"Heats up quickly under load, which is a bit of a concern.",,
704,726339,2791,72623169,58966,4.0,Keyboard is comfortable to type on for hours.,,
211,729813,1740,28739630,72353,4.0,Very responsive touch screen and fast processing speed.,,
420,730438,2444,45389809,92376,3.7,Powerful laptop that can perform multiple tasks at a time.,,
983,730581,7424,98969342,37475,2.9,Very responsive touch screen and fast processing speed.,,
123,731013,9417,20732524,91669,3.2,Keyboard is comfortable to type on for hours.,,
430,731396,4512,46428585,83862,4.9,"Heats up quickly under load, which is a bit of a concern.",,
678,731874,1644,69768652,86829,3.7,"Heats up quickly under load, which is a bit of a concern.",,
860,732042,4610,87747695,88333,3.5,"Heats up quickly under load, which is a bit of a concern.",,
370,732792,4098,41334665,54820,0.9,"Battery life lasts all day, ideal for long work sessions.",,
584,732965,9215,60723185,61031,1.8,"Lacks USB-C ports, which is a downside for future-proofing.",,
878,733360,9839,90189929,37634,3.6,Affordable yet efficient for everyday use.,,
180,733992,2798,26010896,98532,3.3,Powerful laptop that can perform multiple tasks at a time.,,
655,734346,8868,68245461,58246,0.1,"Lightweight and portable, perfect for traveling.",,
360,734372,7478,40124714,43160,4.8,"Heats up quickly under load, which is a bit of a concern.",,
274,735919,5892,33396199,16565,1.6,Great for gaming with superb graphics performance.,,
633,739212,5908,66415321,83528,0.3,"Lacks USB-C ports, which is a downside for future-proofing.",,
243,741348,3489,31295991,89249,0.7,Keyboard is comfortable to type on for hours.,,
376,741507,3458,41834902,36153,1.0,Very responsive touch screen and fast processing speed.,,
307,741576,7822,35763429,82224,4.0,"Heats up quickly under load, which is a bit of a concern.",,
108,742283,5759,19942984,72549,1.8,"Battery life lasts all day, ideal for long work sessions.",,
818,746084,1979,83910952,79411,1.7,"Heats up quickly under load, which is a bit of a concern.",,
353,746616,6099,39883123,66587,2.1,Keyboard is comfortable to type on for hours.,,
722,746803,4528,74412378,16150,3.4,Keyboard is comfortable to type on for hours.,,
306,747252,6681,35674959,90985,0.7,Keyboard is comfortable to type on for hours.,,
774,747715,8468,79036278,47178,2.1,Sleek design with a high-resolution display.,,
277,750090,9282,33654547,76334,4.7,Great for gaming with superb graphics performance.,,
196,751588,7628,27413040,21025,0.7,Great for gaming with superb graphics performance.,,
431,752245,6771,46492468,97276,3.9,Great for gaming with superb graphics performance.,,
948,752637,7973,96654873,86123,1.3,"Heats up quickly under load, which is a bit of a concern.",,
830,754341,5513,85416857,74428,3.5,Keyboard is comfortable to type on for hours.,,
635,757161,5174,66672123,60375,0.3,Powerful laptop that can perform multiple tasks at a time.,,
452,758510,9709,47567305,12376,2.8,Sleek design with a high-resolution display.,,
562,759898,6133,58712525,44872,1.7,"Heats up quickly under load, which is a bit of a concern.",,
980,760611,5635,98784801,81088,2.6,Affordable yet efficient for everyday use.,,
245,760631,5285,31363988,10420,5.0,"Battery life lasts all day, ideal for long work sessions.",,
308,760714,6305,35785996,50466,3.2,"Heats up quickly under load, which is a bit of a concern.",,
396,761153,5525,43546767,95659,4.9,"Lacks USB-C ports, which is a downside for future-proofing.",,
49,763059,8745,14800097,53342,4.8,Affordable yet efficient for everyday use.,,
647,763482,3838,67700636,69338,5.0,Sleek design with a high-resolution display.,,
42,764460,5901,14458400,94911,4.3,Great for gaming with superb graphics performance.,,
168,765618,5703,24791853,23196,0.3,Affordable yet efficient for everyday use.,,
990,766372,1967,99326285,48588,4.7,Affordable yet efficient for everyday use.,,
218,766734,6758,29334919,79321,4.0,Sleek design with a high-resolution display.,,
944,767315,5706,96450386,72976,1.5,Affordable yet efficient for everyday use.,,
893,768606,3167,91487690,30435,4.6,Keyboard is comfortable to type on for hours.,,
566,768626,7818,58911463,20964,3.4,Very responsive touch screen and fast processing speed.,,
543,769732,9984,56952769,36872,2.4,Powerful laptop that can perform multiple tasks at a time.,,
889,771023,2491,91214425,45397,2.2,Keyboard is comfortable to type on for hours.,,
157,771050,1077,24057613,80617,4.4,Great for gaming with superb graphics performance.,,
3,774363,1056,10255717,99507,1.5,Powerful laptop that can perform multiple tasks at a time.,,
410,775195,1773,44543006,62091,2.7,"Battery life lasts all day, ideal for long work sessions.",,
463,776031,3122,48847632,17947,1.2,Affordable yet efficient for everyday use.,,
863,776341,4236,88822059,67484,0.9,Keyboard is comfortable to type on for hours.,,
809,776464,8474,82571544,53039,2.9,"Battery life lasts all day, ideal for long work sessions.",,
200,777451,5730,27525064,88445,0.4,"Lacks USB-C ports, which is a downside for future-proofing.",,
246,778231,8170,31384077,57116,4.1,"Battery life lasts all day, ideal for long work sessions.",,
569,778535,4122,59067763,55766,2.6,"Battery life lasts all day, ideal for long work sessions.",,
572,778773,7530,59418727,32381,3.6,"Lightweight and portable, perfect for traveling.",,
156,778867,8708,24029250,65845,4.5,Sleek design with a high-resolution display.,,
398,779407,1749,43606259,85641,0.4,"Battery life lasts all day, ideal for long work sessions.",,
7,780386,7651,11102256,48342,4.1,Keyboard is comfortable to type on for hours.,,
460,780772,9651,48699013,15550,1.3,Affordable yet efficient for everyday use.,,
877,782767,6657,90126117,73685,0.2,"Heats up quickly under load, which is a bit of a concern.",,
280,783733,1559,33899044,98641,4.9,"Lacks USB-C ports, which is a downside for future-proofing.",,
702,783992,9148,72461324,13928,4.5,Very responsive touch screen and fast processing speed.,,
48,784560,3238,14788690,84612,2.5,"Heats up quickly under load, which is a bit of a concern.",,
247,784825,8533,31447264,78379,0.9,"Lightweight and portable, perfect for traveling.",,
475,785617,7601,50586244,66891,4.4,Affordable yet efficient for everyday use.,,
653,787197,4048,68075547,19463,0.6,Keyboard is comfortable to type on for hours.,,
886,790159,2893,90891931,48885,3.2,Sleek design with a high-resolution display.,,
915,790711,8338,93365504,83977,3.6,Very responsive touch screen and fast processing speed.,,
550,791972,1648,57523161,12715,1.2,Great for gaming with superb graphics performance.,,
502,792831,2079,53157335,71760,3.6,Keyboard is comfortable to type on for hours.,,
14,794014,1085,11943086,59695,2.9,"Lightweight and portable, perfect for traveling.",,
736,795118,8282,75518713,96807,4.0,"Heats up quickly under load, which is a bit of a concern.",,
208,795354,4231,28552557,39437,2.7,Powerful laptop that can perform multiple tasks at a time.,,
381,795498,5780,42298533,78990,1.6,Keyboard is comfortable to type on for hours.,,
738,795563,7986,75587519,83745,0.4,"Battery life lasts all day, ideal for long work sessions.",,
496,795783,7705,52665189,67828,1.9,"Heats up quickly under load, which is a bit of a concern.",,
491,797794,1476,52508276,93234,3.5,Affordable yet efficient for everyday use.,,
929,802714,2062,94983498,94251,3.1,Powerful laptop that can perform multiple tasks at a time.,,
602,803462,4666,63294626,39198,1.5,"Heats up quickly under load, which is a bit of a concern.",,
144,804206,7612,22713619,72987,1.5,"Heats up quickly under load, which is a bit of a concern.",,
850,804233,5448,86889620,70556,1.1,Powerful laptop that can perform multiple tasks at a time.,,
65,805126,1708,15991796,57957,1.0,"Battery life lasts all day, ideal for long work sessions.",,
288,805179,8791,34401207,67195,4.4,Great for gaming with superb graphics performance.,,
25,805498,9837,12853751,30486,4.8,"Battery life lasts all day, ideal for long work sessions.",,
67,807927,5483,16272782,38374,4.8,"Lacks USB-C ports, which is a downside for future-proofing.",,
952,808822,2240,96830727,87262,3.3,Great for gaming with superb graphics performance.,,
442,810010,3460,46965414,41159,3.2,"Heats up quickly under load, which is a bit of a concern.",,
387,810140,2020,42782404,52520,1.2,Powerful laptop that can perform multiple tasks at a time.,,
10,812877,8848,11466483,87034,2.4,Powerful laptop that can perform multiple tasks at a time.,,
465,813042,7265,49028856,23237,1.9,Affordable yet efficient for everyday use.,,
995,813365,2305,99452835,23092,0.4,"Battery life lasts all day, ideal for long work sessions.",,
613,814049,8549,64261710,84505,0.2,"Lightweight and portable, perfect for traveling.",,
260,815062,4438,32411890,62482,1.5,"Lacks USB-C ports, which is a downside for future-proofing.",,
827,815981,3686,85122693,58535,2.1,Powerful laptop that can perform multiple tasks at a time.,,
354,816318,2265,39947336,63016,2.6,Keyboard is comfortable to type on for hours.,,
535,817315,7512,56294186,50806,0.2,Great for gaming with superb graphics performance.,,
416,817339,4972,45284834,26194,0.8,Affordable yet efficient for everyday use.,,
694,817886,4251,71172680,13952,1.0,"Lightweight and portable, perfect for traveling.",,
511,818718,9610,54139197,37802,1.8,"Battery life lasts all day, ideal for long work sessions.",,
289,819383,1223,34486030,68698,3.7,Keyboard is comfortable to type on for hours.,,
43,821204,9166,14534930,34863,3.9,Powerful laptop that can perform multiple tasks at a time.,,
476,822441,8089,50691272,43013,2.4,"Lightweight and portable, perfect for traveling.",,
895,822647,6547,91669965,80061,4.3,"Heats up quickly under load, which is a bit of a concern.",,
450,823010,7657,47487084,18401,0.4,"Lacks USB-C ports, which is a downside for future-proofing.",,
880,823581,2395,90313001,31546,2.3,Great for gaming with superb graphics performance.,,
674,823686,8667,69404165,12081,0.3,"Lacks USB-C ports, which is a downside for future-proofing.",,
687,824647,1586,70499110,35256,4.9,Keyboard is comfortable to type on for hours.,,
912,824850,4414,92901217,92156,1.8,"Lacks USB-C ports, which is a downside for future-proofing.",,
936,825645,9097,95682817,74861,1.2,"Battery life lasts all day, ideal for long work sessions.",,
587,826161,5118,61026411,67568,1.6,Very responsive touch screen and fast processing speed.,,
828,827624,7684,85188355,87537,3.9,Keyboard is comfortable to type on for hours.,,
77,827844,4844,17000821,20609,1.2,Great for gaming with superb graphics performance.,,
256,828952,8997,32134372,25627,2.8,"Heats up quickly under load, which is a bit of a concern.",,
198,829874,6928,27451517,12001,0.1,"Lightweight and portable, perfect for traveling.",,
516,830197,5767,54396446,59277,0.7,"Battery life lasts all day, ideal for long work sessions.",,
808,831076,9575,82232757,15726,3.4,Sleek design with a high-resolution display.,,
515,831165,7994,54375580,88238,4.1,Affordable yet efficient for everyday use.,,
126,831608,1219,20906076,90183,1.5,Keyboard is comfortable to type on for hours.,,
519,832259,7985,55044249,53658,3.8,Sleek design with a high-resolution display.,,
186,832853,8422,26447570,97078,3.7,Powerful laptop that can perform multiple tasks at a time.,,
739,835858,8738,75616752,65503,3.3,"Lacks USB-C ports, which is a downside for future-proofing.",,
846,837134,1986,86678769,44280,1.7,"Lightweight and portable, perfect for traveling.",,
383,838589,8046,42342109,61845,2.3,Powerful laptop that can perform multiple tasks at a time.,,
188,841256,4650,26687960,49156,0.4,"Heats up quickly under load, which is a bit of a concern.",,
691,841327,6220,71127339,93479,3.7,Great for gaming with superb graphics performance.,,
192,841600,6915,26855840,33467,0.5,Sleek design with a high-resolution display.,,
619,842701,9261,65012844,96230,0.1,Affordable yet efficient for everyday use.,,
281,843014,2759,33999249,64591,0.4,"Battery life lasts all day, ideal for long work sessions.",,
386,843425,4247,42720373,61274,2.9,"Battery life lasts all day, ideal for long work sessions.",,
178,843496,5982,25826049,56913,1.6,Powerful laptop that can perform multiple tasks at a time.,,
337,843780,1177,38120632,91174,2.2,Keyboard is comfortable to type on for hours.,,
263,845361,7369,32507017,21653,0.0,Sleek design with a high-resolution display.,,
628,845978,3844,66153657,50532,0.0,Powerful laptop that can perform multiple tasks at a time.,,
891,847884,7295,91347614,43628,3.8,Sleek design with a high-resolution display.,,
658,849431,1009,68486491,98368,4.3,Affordable yet efficient for everyday use.,,
107,849649,9035,19857218,83632,2.7,Powerful laptop that can perform multiple tasks at a time.,,
152,849855,7826,23637724,77092,4.2,Affordable yet efficient for everyday use.,,
220,850430,8780,29386796,37354,0.4,Powerful laptop that can perform multiple tasks at a time.,,
299,851864,2470,35240174,83640,0.5,Great for gaming with superb graphics performance.,,
901,853540,9534,92169709,60441,1.3,"Heats up quickly under load, which is a bit of a concern.",,
534,853864,8684,56280592,50793,0.4,"Lacks USB-C ports, which is a downside for future-proofing.",,
559,854388,4552,58629473,89775,1.6,Keyboard is comfortable to type on for hours.,,
728,854756,1078,74720937,43480,1.7,Sleek design with a high-resolution display.,,
145,856007,9681,22860769,38058,3.0,Sleek design with a high-resolution display.,,
729,856118,5132,74749641,36331,1.8,Affordable yet efficient for everyday use.,,
38,856313,1900,14106898,87851,4.6,Very responsive touch screen and fast processing speed.,,
938,857537,7908,95792441,67283,1.6,Powerful laptop that can perform multiple tasks at a time.,,
842,858756,2694,86375067,71978,3.6,"Lacks USB-C ports, which is a downside for future-proofing.",,
238,859356,5845,31040065,39552,3.2,"Heats up quickly under load, which is a bit of a concern.",,
500,859722,4192,53014758,87872,0.1,"Lacks USB-C ports, which is a downside for future-proofing.",,
217,860191,8691,29332072,14685,4.9,"Lacks USB-C ports, which is a downside for future-proofing.",,
600,860776,5391,62820357,95674,3.6,"Battery life lasts all day, ideal for long work sessions.",,
758,861301,6194,77704041,51647,2.4,Keyboard is comfortable to type on for hours.,,
857,861725,6760,87366330,13849,0.4,Great for gaming with superb graphics performance.,,
290,864829,6225,34554870,36283,2.4,Powerful laptop that can perform multiple tasks at a time.,,
547,866914,3427,57225117,70161,4.2,"Heats up quickly under load, which is a bit of a concern.",,
922,867726,3446,94664197,70047,0.3,"Lightweight and portable, perfect for traveling.",,
876,870511,3438,89911069,86953,3.1,Keyboard is comfortable to type on for hours.,,
551,871594,8370,57683575,91201,4.2,Very responsive touch screen and fast processing speed.,,
696,873570,9527,71428941,22696,0.5,Powerful laptop that can perform multiple tasks at a time.,,
312,874773,4813,36018807,91032,3.1,"Battery life lasts all day, ideal for long work sessions.",,
315,875007,7017,36429625,43637,4.5,"Battery life lasts all day, ideal for long work sessions.",,
137,875999,3706,21811040,56814,0.6,Sleek design with a high-resolution display.,,
937,876615,7999,95698377,58821,4.5,Powerful laptop that can perform multiple tasks at a time.,,
631,876870,6278,66222666,29268,4.5,"Heats up quickly under load, which is a bit of a concern.",,
836,877407,6257,85948467,50167,2.9,Keyboard is comfortable to type on for hours.,,
746,878042,8015,76645223,30382,1.9,"Lacks USB-C ports, which is a downside for future-proofing.",,
536,879034,3483,56370252,53463,3.0,"Lightweight and portable, perfect for traveling.",,
991,882372,8307,99353667,39282,3.1,Very responsive touch screen and fast processing speed.,,
201,882518,2076,27566986,62704,1.0,"Lacks USB-C ports, which is a downside for future-proofing.",,
845,882696,5097,86615107,34858,4.7,Great for gaming with superb graphics performance.,,
856,882989,4310,87300495,28279,1.6,Great for gaming with superb graphics performance.,,
646,883003,7928,67597934,75614,4.9,Very responsive touch screen and fast processing speed.,,
632,884762,2026,66250332,85254,4.7,"Battery life lasts all day, ideal for long work sessions.",,
237,885335,7354,31033314,30928,4.1,Great for gaming with superb graphics performance.,,
124,885817,5148,20799499,77934,3.2,"Battery life lasts all day, ideal for long work sessions.",,
413,886141,3748,44699343,53488,4.5,Keyboard is comfortable to type on for hours.,,
314,886817,2335,36261575,87188,0.6,Great for gaming with superb graphics performance.,,
796,887277,1519,81006545,97591,3.7,"Battery life lasts all day, ideal for long work sessions.",,
780,887319,5575,79554117,52424,3.6,Sleek design with a high-resolution display.,,
900,887517,3649,92157142,26958,4.9,Keyboard is comfortable to type on for hours.,,
55,888129,6467,15212722,28613,2.6,Affordable yet efficient for everyday use.,,
80,888771,9124,17728393,36225,1.4,"Heats up quickly under load, which is a bit of a concern.",,
125,889445,7394,20899245,83468,0.0,Keyboard is comfortable to type on for hours.,,
706,889972,5213,72642211,35197,1.7,"Lacks USB-C ports, which is a downside for future-proofing.",,
98,890406,1169,19033079,45970,4.5,Great for gaming with superb graphics performance.,,
336,891652,2720,38099759,14567,4.8,Keyboard is comfortable to type on for hours.,,
225,892941,9206,30336527,68415,0.1,"Lightweight and portable, perfect for traveling.",,
622,893243,6568,65250978,61154,1.6,"Heats up quickly under load, which is a bit of a concern.",,
894,893564,1524,91656258,33597,3.9,Affordable yet efficient for everyday use.,,
471,894109,7426,50174598,67147,3.1,Affordable yet efficient for everyday use.,,
194,897540,6224,27026696,69016,4.2,Keyboard is comfortable to type on for hours.,,
967,897786,5717,98044775,55480,4.7,Affordable yet efficient for everyday use.,,
248,898119,9914,31479304,11352,0.8,Sleek design with a high-resolution display.,,
999,898744,8162,99807904,70515,1.9,Very responsive touch screen and fast processing speed.,,
453,899590,5748,47609851,54962,2.4,Powerful laptop that can perform multiple tasks at a time.,,
689,900221,3075,70855908,20354,3.2,"Heats up quickly under load, which is a bit of a concern.",,
508,900847,1514,53948366,92492,3.9,Affordable yet efficient for everyday use.,,
618,901531,1354,65006167,51764,2.3,Keyboard is comfortable to type on for hours.,,
733,901812,3066,75164242,98167,3.3,"Heats up quickly under load, which is a bit of a concern.",,
916,901875,6364,93380594,56748,2.1,"Battery life lasts all day, ideal for long work sessions.",,
731,905960,6806,74962227,51774,2.5,"Lacks USB-C ports, which is a downside for future-proofing.",,
461,906006,2636,48801263,56519,2.4,Keyboard is comfortable to type on for hours.,,
614,906133,5454,64391926,85500,2.4,Great for gaming with superb graphics performance.,,
239,906684,1729,31056457,10475,3.6,Very responsive touch screen and fast processing speed.,,
677,909511,9500,69745151,79386,0.6,Great for gaming with superb graphics performance.,,
242,909916,1328,31137581,73844,3.1,"Heats up quickly under load, which is a bit of a concern.",,
472,910914,2807,50199829,65718,4.4,"Lightweight and portable, perfect for traveling.",,
395,911100,5115,43521783,49765,0.6,Great for gaming with superb graphics performance.,,
718,911255,9642,74148293,26898,1.7,Powerful laptop that can perform multiple tasks at a time.,,
530,913605,8326,55944701,80494,2.8,Affordable yet efficient for everyday use.,,
11,914120,3344,11476560,99335,4.3,"Lacks USB-C ports, which is a downside for future-proofing.",,
210,914121,1347,28738923,56143,3.9,Affordable yet efficient for everyday use.,,
819,914308,3293,83948232,67096,4.0,Very responsive touch screen and fast processing speed.,,
700,916565,5972,72069108,25728,2.5,"Lightweight and portable, perfect for traveling.",,
961,918132,3689,97731292,90029,2.1,Keyboard is comfortable to type on for hours.,,
651,919716,2502,68013539,56780,2.8,"Lacks USB-C ports, which is a downside for future-proofing.",,
18,923116,5153,12109098,73637,3.0,Great for gaming with superb graphics performance.,,
509,923415,5164,53952689,16593,0.4,"Battery life lasts all day, ideal for long work sessions.",,
412,923998,1215,44608535,95488,0.9,"Heats up quickly under load, which is a bit of a concern.",,
136,924171,5018,21679194,71974,2.9,Sleek design with a high-resolution display.,,
533,924605,6443,56257819,26903,2.9,"Lacks USB-C ports, which is a downside for future-proofing.",,
605,925123,5752,63427372,79193,2.6,"Lacks USB-C ports, which is a downside for future-proofing.",,
415,926840,6173,45099986,58271,0.5,Keyboard is comfortable to type on for hours.,,
179,926968,8059,25844144,84739,0.9,Great for gaming with superb graphics performance.,,
712,927334,9764,73152885,77867,0.3,"Battery life lasts all day, ideal for long work sessions.",,
854,928059,7990,87030245,62617,0.7,Powerful laptop that can perform multiple tasks at a time.,,
595,929605,8996,61889287,96831,4.8,Powerful laptop that can perform multiple tasks at a time.,,
473,930386,5392,50233718,19756,3.7,Keyboard is comfortable to type on for hours.,,
989,930818,3674,99213282,69699,0.7,Very responsive touch screen and fast processing speed.,,
303,931003,4814,35561479,90315,2.7,"Lightweight and portable, perfect for traveling.",,
858,931288,3573,87479893,53456,4.5,"Battery life lasts all day, ideal for long work sessions.",,
392,931483,5061,43464566,78174,0.4,Powerful laptop that can perform multiple tasks at a time.,,
437,932735,5920,46869418,35390,3.0,Sleek design with a high-resolution display.,,
433,933859,7786,46516769,95771,1.2,Affordable yet efficient for everyday use.,,
339,934509,1988,38189947,21003,1.8,"Battery life lasts all day, ideal for long work sessions.",,
645,935617,6558,67518407,64503,0.9,Powerful laptop that can perform multiple tasks at a time.,,
649,935778,9641,67829169,89574,3.7,Keyboard is comfortable to type on for hours.,,
945,935845,9400,96546623,56128,0.5,"Lightweight and portable, perfect for traveling.",,
748,936026,9039,76771503,90643,1.6,"Heats up quickly under load, which is a bit of a concern.",,
181,936281,6615,26159457,80111,0.8,Keyboard is comfortable to type on for hours.,,
456,939741,1102,48454506,74817,3.4,"Battery life lasts all day, ideal for long work sessions.",,
253,940350,3554,31647123,31370,0.4,Great for gaming with superb graphics performance.,,
720,940619,3334,74258369,78854,4.9,Very responsive touch screen and fast processing speed.,,
504,941744,7955,53691519,19268,1.4,"Heats up quickly under load, which is a bit of a concern.",,
5,942230,6993,10847285,54119,1.2,Great for gaming with superb graphics performance.,,
904,942303,7154,92330031,90508,1.3,Affordable yet efficient for everyday use.,,
711,943468,2469,73145802,98728,0.6,Great for gaming with superb graphics performance.,,
820,945030,9025,84321547,34236,4.2,Great for gaming with superb graphics performance.,,
831,945230,4360,85566242,58230,2.8,Powerful laptop that can perform multiple tasks at a time.,,
751,947579,6247,77139749,23923,0.4,Affordable yet efficient for everyday use.,,
680,947807,2701,69837498,75519,3.8,Keyboard is comfortable to type on for hours.,,
219,949302,6052,29340163,84882,3.6,"Lacks USB-C ports, which is a downside for future-proofing.",,
129,949384,5518,21091648,32053,4.6,Affordable yet efficient for everyday use.,,
343,949506,8287,38855954,36513,2.2,Powerful laptop that can perform multiple tasks at a time.,,
286,950784,9229,34328786,24755,0.5,Affordable yet efficient for everyday use.,,
320,951044,8317,36814638,75328,1.5,"Lightweight and portable, perfect for traveling.",,
978,951774,8435,98702769,73987,2.5,Sleek design with a high-resolution display.,,
490,953293,8399,52353899,79595,0.4,Very responsive touch screen and fast processing speed.,,
12,953521,7980,11535103,22293,2.6,"Heats up quickly under load, which is a bit of a concern.",,
202,953599,3270,27906225,61273,3.4,Affordable yet efficient for everyday use.,,
681,954471,7194,69861834,86389,0.6,"Battery life lasts all day, ideal for long work sessions.",,
855,957855,3290,87149670,83930,0.4,Very responsive touch screen and fast processing speed.,,
794,958742,9755,80696034,70485,4.3,Great for gaming with superb graphics performance.,,
406,960022,1149,44189388,17291,4.5,"Lightweight and portable, perfect for traveling.",,
34,960644,4912,13675277,36692,1.6,Great for gaming with superb graphics performance.,,
175,961629,3970,25418701,54822,2.7,Affordable yet efficient for everyday use.,,
532,961812,7015,56150102,53220,4.7,Sleek design with a high-resolution display.,,
443,962411,4450,46971885,52081,2.2,"Lacks USB-C ports, which is a downside for future-proofing.",,
133,962420,5087,21379285,46864,1.7,"Heats up quickly under load, which is a bit of a concern.",,
662,962579,4825,68795712,23566,1.7,"Lacks USB-C ports, which is a downside for future-proofing.",,
909,963750,6570,92714004,70671,0.2,Keyboard is comfortable to type on for hours.,,
424,964344,4948,45865236,40128,2.0,Sleek design with a high-resolution display.,,
667,964465,7855,69078666,36071,3.9,"Lacks USB-C ports, which is a downside for future-proofing.",,
470,964621,5994,49962441,23123,4.2,Powerful laptop that can perform multiple tasks at a time.,,
941,966751,9813,96184247,30753,0.9,Very responsive touch screen and fast processing speed.,,
949,966769,3100,96661995,59344,1.6,Great for gaming with superb graphics performance.,,
627,966870,6397,66041886,43692,2.2,Affordable yet efficient for everyday use.,,
615,967072,7800,64418879,38619,4.8,"Battery life lasts all day, ideal for long work sessions.",,
143,967858,8467,22679390,80415,3.5,Keyboard is comfortable to type on for hours.,,
725,969802,9955,74582522,24808,3.6,"Battery life lasts all day, ideal for long work sessions.",,
120,970420,1596,20663191,30702,0.6,Very responsive touch screen and fast processing speed.,,
258,971227,7827,32287383,42440,3.9,Sleek design with a high-resolution display.,,
151,972035,1443,23621582,31287,3.8,"Battery life lasts all day, ideal for long work sessions.",,
174,973853,3318,25342320,39071,0.3,Great for gaming with superb graphics performance.,,
467,977084,3655,49239014,93886,1.5,"Lightweight and portable, perfect for traveling.",,
839,978850,5580,86157766,95349,1.6,"Lacks USB-C ports, which is a downside for future-proofing.",,
979,979808,6749,98775366,92251,1.4,Affordable yet efficient for everyday use.,,
407,981081,8131,44210136,15406,0.0,"Lightweight and portable, perfect for traveling.",,
131,982671,8108,21168340,28809,2.5,Sleek design with a high-resolution display.,,
479,985148,7094,50985807,56159,4.5,Keyboard is comfortable to type on for hours.,,
394,985441,5586,43521079,19779,3.1,Very responsive touch screen and fast processing speed.,,
772,986523,4539,78998997,14885,3.7,Affordable yet efficient for everyday use.,,
540,986593,1834,56506039,73000,4.2,Affordable yet efficient for everyday use.,,
72,987734,3362,16697313,56195,2.5,"Heats up quickly under load, which is a bit of a concern.",,
366,987855,4597,40947214,67377,4.8,Affordable yet efficient for everyday use.,,
240,987885,3969,31113058,62937,4.1,Powerful laptop that can perform multiple tasks at a time.,,
548,987970,8419,57280127,62242,3.8,"Battery life lasts all day, ideal for long work sessions.",,
859,988422,3010,87557442,20653,0.4,Sleek design with a high-resolution display.,,
331,988671,2333,37758029,66996,1.9,"Battery life lasts all day, ideal for long work sessions.",,
0,990255,8465,10038378,26284,2.7,Great for gaming with superb graphics performance.,,
30,991777,8968,13390060,62785,2.3,Powerful laptop that can perform multiple tasks at a time.,,
447,991863,9047,47245530,18788,1.3,"Battery life lasts all day, ideal for long work sessions.",,
557,992427,8514,58515187,66686,0.9,"Heats up quickly under load, which is a bit of a concern.",,
525,994278,9671,55544479,20788,0.8,Keyboard is comfortable to type on for hours.,,
150,995550,4940,23570306,80794,2.6,Keyboard is comfortable to type on for hours.,,
964,995724,4601,97911245,52808,3.0,Affordable yet efficient for everyday use.,,
389,999312,9906,43261653,55345,3.7,Keyboard is comfortable to type on for hours.,,
874,999775,9702,89569837,31115,1.2,Keyboard is comfortable to type on for hours.,,
