User_ID,First_Name,Last_Name,User_Budget,User_Major,Usage_ID
10038378,Akin,Pet,2414,Data Science,100018
10184137,Philippe,Brunet,2165,Electrical Engineering,100002
10194459,Priya,Vernekar,2926,Graphics,100015
10255717,Maddison,Thompson,2173,Business Administration,100016
10761336,Leslie,Byrd,1797,Data Science,100013
10847285,Mille,Larsen,1936,Electrical Engineering,100001
11068592,Jasper,Hall,490,Graphics,100018
11102256,Michelle,Lord,767,Business Administration,100007
11195144,Ludvik,Mogen,695,Business Administration,100005
11364104,Felipe,Alonso,3683,Graphics,100005
11466483,Lars,Martin,390,Graphics,100012
11476560,Daniela,Parra,4916,Mechanical Engineering,100009
11535103,محمدعلی,سالاری,4396,Data Science,100016
11854632,Arnoldo,Lugo,4587,Law,100019
11943086,Hunter,Evans,3152,Graphics,100002
12023776,Seth,Rivera,1327,Electrical Engineering,100002
12078709,Gavin,Crawford,3472,Graphics,100007
12083138,Aatu,Pulkkinen,4555,Business,100019
12109098,Ananth,Thampy,1329,Data Science,100011
12158202,Alexander,Jørgensen,2122,Graphics,100019
12296744,Leanne,Johnson,865,Business,100014
12535905,Lloyd,Coleman,4687,Law,100009
12656778,Gertrude,Lewis,3681,Mechanical Engineering,100002
12673713,Alex,Esteban,2878,Business Administration,100006
12755996,Bently,Taylor,2498,Business Administration,100017
12853751,حسین,سلطانی نژاد,4825,Law,100015
12872662,Debra,Moore,4863,Electrical Engineering,100016
12885727,Aidan,Wright,4646,Data Science,100012
13136261,Susan,Allen,2451,Graphics,100018
13162768,Thomas,Ford,2911,Business Administration,100014
13390060,Şirin,Wu,780,Electrical Engineering,100003
13416404,Alice,Martin,1938,Electrical Engineering,100005
13455943,Zeloí,Barbosa,4471,Business Administration,100012
13530016,Roy,Chapman,3260,Business,100008
13675277,Isabella,Andersen,1463,Mechanical Engineering,100012
13723800,Alicia,Pelletier,3637,Business,100012
13964854,Jonathan,Jennings,3703,Law,100012
14079998,Désirée,Meyer,2276,Business Administration,100014
14106898,سارینا,كامياران,3822,Business Administration,100012
14200470,Thibault,Vidal,3365,Business Administration,100010
14291875,Mille,Poulsen,604,Mechanical Engineering,100006
14335120,Alexis,Wilson,2645,Mechanical Engineering,100016
14458400,Lada,Perebiynis,3147,Graphics,100017
14534930,Melvin,Nicolas,2646,Mechanical Engineering,100008
14561803,Malinda,Rozemeijer,2403,Business,100010
14643234,Marcia,Beck,2843,Graphics,100013
14665262,پریا,کامروا,357,Electrical Engineering,100005
14689619,Draga,Rukavina,1209,Electrical Engineering,100014
14788690,Ivana,Mladenović,3872,Data Science,100018
14800097,Pimen,Mikitka,1193,Law,100020
14923185,Ava,Walker,2233,Mechanical Engineering,100015
14934071,Kashif,Sleurink,1743,Electrical Engineering,100006
15004429,David,Edwards,1268,Business,100004
15112316,Benjamin,Hale,1020,Mechanical Engineering,100002
15172998,Fanny,Colin,2800,Business Administration,100009
15212722,Nikolas,Wulff,4471,Law,100013
15258663,Javeria,Gugale,3709,Computer Science,100001
15388966,Chris,Campbell,4919,Law,100003
15424933,Ashley,Harrison,3078,Graphics,100018
15465231,Ebrahim,Boerlage,3331,Mechanical Engineering,100020
15575195,Fridolin,Leroux,4344,Law,100010
15669237,Emilia,Caraballo,320,Business,100013
15723213,Helmtrud,Unger,764,Computer Science,100007
15727311,Ilse,Centeno,1583,Graphics,100014
15880239,Alison,Price,4291,Law,100012
15991796,Gordodum,Dumka,3994,Mechanical Engineering,100002
16027290,Thi,Koen,1320,Business Administration,100007
16272782,Lærke,Rasmussen,4515,Law,100007
16313224,Millie,Williams,3360,Electrical Engineering,100018
16344490,Noah,Walker,3487,Electrical Engineering,100003
16349867,Saban,Dietel,3688,Law,100007
16600612,Swarna,Shukla,1527,Electrical Engineering,100019
16697313,آدرینا,حسینی,1801,Business Administration,100015
16778932,Isla,Ketola,1668,Graphics,100007
16823355,Jeannette,Nicolas,4013,Data Science,100019
16875223,Brígida,Santos,618,Data Science,100003
16940703,Eva,Diez,4715,Law,100006
17000821,Verónica,Diaz,679,Electrical Engineering,100016
17216528,Julia,Chu,4854,Law,100008
17371883,Sanni,Nurmi,2351,Computer Science,100016
17728393,Sarah,Soto,2823,Business,100005
17733061,Marek,Clasen,3893,Computer Science,100016
17839512,Nathaniel,Anderson,378,Graphics,100012
17982509,Ege,Koç,2048,Electrical Engineering,100003
18010517,Volodimira,Shcherba,559,Business Administration,100003
18086888,Colin,Fox,2836,Data Science,100009
18130352,Elias,Hansen,3420,Electrical Engineering,100017
18317520,Milagros,Carrasco,432,Mechanical Engineering,100002
18509464,Barış,Kahveci,1651,Data Science,100018
18511153,Audrey,Reyes,2945,Data Science,100007
18523225,Iolanda,Teixeira,3438,Computer Science,100007
18565672,Gostyata,Feshchenko,3152,Data Science,100007
18681217,Tamires,Dias,3951,Law,100003
18710267,Amelia,Jordan,2305,Data Science,100018
18722572,Dylan,Jensen,2776,Data Science,100006
18896840,Grytsje,Van Zaanen,3618,Business Administration,100015
18911851,Onur,Öymen,2126,Business Administration,100011
18967414,Živko,Petković,3517,Business Administration,100015
19033079,Erika,Legrand,2823,Computer Science,100014
19070422,Karl-August,Tacke,1517,Law,100010
19357746,Linus,Simon,1256,Mechanical Engineering,100010
19410749,Babür,Tüzün,4147,Electrical Engineering,100017
19526472,Emilia,Bustos,1521,Mechanical Engineering,100009
19665184,Tanish,Moolya,1531,Mechanical Engineering,100015
19691005,اميرحسين,محمدخان,332,Business Administration,100009
19791153,Leen,Zaaijer,759,Computer Science,100010
19810960,Donald,Collins,3871,Business Administration,100020
19857218,Candice,Watts,4491,Business Administration,100015
19942984,Renée,Joly,401,Data Science,100010
19949261,Elli,Niva,2857,Electrical Engineering,100009
19994274,Marius,Andersen,941,Computer Science,100017
20033346,Alexandre,Marchand,4517,Law,100014
20176836,Bryachislav,Romanchenko,3342,Law,100017
20200162,Theo,Brown,1728,Computer Science,100005
20246830,Mireille,Van Rijswijk,4669,Law,100012
20250150,Vedat,Akan,4712,Mechanical Engineering,100007
20367989,Roberto,Rodríguez,815,Business Administration,100019
20385832,Leevi,Kokko,703,Business,100003
20454114,Larry,Franklin,3646,Data Science,100003
20636745,Zenta,Kleinschmidt,1572,Electrical Engineering,100016
20663191,محیا,محمدخان,2610,Computer Science,100006
20666511,Travis,Garrett,2717,Law,100017
20701011,Praneel,Prabhakaran,3928,Business Administration,100020
20732524,Emre,Candan,1576,Law,100009
20799499,Landon,Reynolds,4875,Business,100016
20899245,Dorus,Veenhof,4563,Business,100009
20906076,Mstislav,Mironenko,2932,Law,100007
20994430,Nastasija,Tošić,3051,Business,100001
21023182,Léonie,Chevalier,2975,Mechanical Engineering,100009
21091648,Frida,Gamboa,4848,Computer Science,100020
21160524,Anton,Bilozir,479,Law,100020
21168340,Phoenix,Li,4106,Mechanical Engineering,100005
21217285,درسا,یاسمی,3048,Business Administration,100009
21379285,Vladlena,Kachur,4381,Graphics,100001
21395236,Brayden,Dean,4613,Data Science,100020
21663173,Mehran,Kamst,4617,Mechanical Engineering,100003
21679194,Guenther,Führer,2217,Electrical Engineering,100018
21811040,Jaran,Raknes,3715,Graphics,100007
21861464,Nathaniel,Taylor,3825,Graphics,100001
22131062,Ivan,Tešić,4151,Business,100003
22213619,Nelli,Haataja,2620,Graphics,100001
22257780,Robin,Hubert,2727,Computer Science,100003
22321756,Petko,Ilić,2991,Business Administration,100018
22679390,Mario,Allen,3589,Computer Science,100011
22713619,Violet,Verschuur,1348,Business,100008
22860769,Lily,Bertrand,1943,Law,100013
22922019,Esther,Knoblauch,3994,Business Administration,100004
22935334,Hugo,Williams,4153,Business,100016
23062448,Irina,Roy,3420,Business Administration,100016
23456288,Kayla,Andrews,302,Business,100012
23570306,Guy,Dupuis,2083,Mechanical Engineering,100011
23621582,Thilo,Jahns,3099,Computer Science,100011
23637724,پوریا,سالاری,3895,Computer Science,100002
23661858,Freja,Petersen,4554,Business,100014
23689906,Paula,Warren,1612,Mechanical Engineering,100018
23831799,Eleonora,Popović,2926,Law,100013
24029250,Kiieslav,Sidoruk,3279,Business Administration,100020
24057613,Siddharth,Kumari,3774,Business Administration,100020
24099675,Chris,Martin,2718,Business Administration,100013
24304326,هستی,صدر,3403,Data Science,100001
24314984,Adam,Petersen,1395,Data Science,100011
24335361,Batur,Velioğlu,4554,Data Science,100015
24358164,Iván,Lucero,1391,Mechanical Engineering,100019
24546351,بردیا,صدر,3743,Business Administration,100004
24580384,Katherine,Walker,3221,Electrical Engineering,100011
24581584,Nagnibida,Vivcharik,361,Mechanical Engineering,100011
24703440,Benji,Groenewoud,3846,Business Administration,100009
24768383,José,López,1716,Electrical Engineering,100002
24791853,Santiago,Murillo,1389,Mechanical Engineering,100010
25010766,Frank,Wells,4250,Business Administration,100010
25065596,Juliette,Roche,2735,Law,100002
25238934,Weronika,Hegge,1561,Data Science,100015
25268971,Feliksa,Zaychuk,1566,Law,100014
25314016,Vorotislav,Trohimenko,1004,Mechanical Engineering,100014
25342320,Harriet,Hughes,2476,Business Administration,100015
25418701,Ángel,Martínez,851,Computer Science,100019
25547597,Luis,Lopez,3268,Business Administration,100016
25823422,Miguel,Rosas,1940,Business Administration,100012
25826049,Gabriela,Meunier,3746,Graphics,100004
25844144,Josefine,Christensen,518,Business Administration,100004
26010896,Florence,Warren,4428,Graphics,100019
26159457,Patrik,Refseth,4812,Graphics,100014
26193337,Gary,Wagner,3722,Mechanical Engineering,100005
26311614,Stepan,Revuckiy,3573,Graphics,100001
26323517,Vildan,Erkekli,2377,Computer Science,100020
26375725,Selim,Thomas,3020,Business,100008
26447570,Shruti,Salian,547,Business,100014
26510653,Hilla,Tanner,4295,Electrical Engineering,100020
26687960,Barış,Türkdoğan,1960,Computer Science,100003
26713052,Stella,Henry,3371,Graphics,100002
26717005,Nerea,Sáez,3424,Law,100009
26748848,Aiden,Edwards,2519,Computer Science,100013
26855840,Emilie,Hansen,673,Data Science,100012
26860006,Geraldo,De Kuijer,855,Electrical Engineering,100007
27026696,Cristina,Gaytán,2446,Law,100014
27160230,Alisa,Lauri,3531,Business Administration,100018
27413040,پریا,احمدی,1620,Mechanical Engineering,100001
27448178,باران,احمدی,4432,Business,100009
27451517,Mehmet,Kahveci,2195,Computer Science,100015
27500455,Christian,Gray,605,Mechanical Engineering,100001
27525064,Warren,Hanson,4181,Mechanical Engineering,100013
27566986,Yudit,Marusik,3193,Graphics,100014
27906225,Louella,Mccoy,1020,Mechanical Engineering,100012
28018202,Riley,Jackson,2980,Data Science,100009
28182570,Pauline,Stephens,1577,Computer Science,100013
28233773,Kubra,Crijns,3204,Business Administration,100008
28234072,Benice,Köhler,3424,Data Science,100003
28340871,Norman,Byrd,4936,Business Administration,100006
28552557,Ida,Thomsen,831,Law,100020
28609472,Ali,Polat,2735,Electrical Engineering,100010
28738923,Julius,Couri,1780,Computer Science,100015
28739630,Narin,Bronkhorst,4455,Electrical Engineering,100008
28999577,Mason,Singh,1333,Graphics,100006
29007774,Fatma,Akal,4134,Business Administration,100010
29046722,Eren,Babacan,1649,Data Science,100007
29231568,Sheryl,Carlson,1970,Electrical Engineering,100003
29261379,سهیل,پارسا,2605,Computer Science,100019
29332072,یلدا,جعفری,1179,Electrical Engineering,100003
29334919,Fátima,Duran,979,Business,100017
29340163,مهدي,رضایی,4112,Electrical Engineering,100013
29386796,Adriana,López,956,Electrical Engineering,100010
29668290,Lars,Philippe,2734,Mechanical Engineering,100012
29781707,Angelina,Sanchez,4391,Computer Science,100019
30184519,Dragica,Giraud,3180,Graphics,100005
30189632,Begüm,Abacı,1630,Computer Science,100008
30336527,Lissandra,Castro,4874,Graphics,100007
30367022,Marilou,Singh,3560,Law,100006
30374089,María Teresa,Fonseca,2576,Business Administration,100020
30475466,Darliane,Farias,2283,Mechanical Engineering,100014
30483058,Sharron,Parker,4392,Business Administration,100004
30499281,ستایش,كامياران,2112,Business Administration,100012
30520360,José,Pastor,2155,Graphics,100020
30773672,Sara,Flores,3242,Business,100001
30973307,Randy,Graham,768,Business Administration,100016
30981236,Ružica,Branković,4486,Law,100014
30985575,Arturo,Roque,4509,Electrical Engineering,100005
30998899,Genesis,Gomez,3608,Mechanical Engineering,100013
31033314,Renée,Lefevre,3846,Law,100019
31040065,Bertha,Lee,586,Computer Science,100002
31056457,Marius,Petersen,4971,Business Administration,100014
31113058,Amelia,Brown,2057,Data Science,100004
31124105,Samir,Fernandez,3869,Mechanical Engineering,100015
31137581,José,Cruz,3698,Business,100002
31295991,Silas,Kolberg,4529,Mechanical Engineering,100016
31307657,Murat,Keçeci,3462,Electrical Engineering,100015
31363988,Daryl,Burton,1906,Business,100015
31384077,Natálio,Moreira,4366,Business Administration,100011
31447264,Lauri,Peura,3124,Business,100005
31479304,Zackary,Morin,2543,Data Science,100020
31483832,Praneetha,Saniel,3937,Law,100004
31504939,Mago,Fernandes,620,Electrical Engineering,100012
31596272,Dila,Nunes,1918,Electrical Engineering,100004
31621642,Elliot,Palmer,1673,Electrical Engineering,100005
31647123,Germ,Vullings,2545,Graphics,100006
31956863,Evandra,Pires,4427,Business Administration,100006
32117335,Flenn,Reed,1921,Computer Science,100017
32134372,Alberto,Dias,886,Graphics,100010
32211709,Eren,Çevik,4320,Computer Science,100002
32287383,Ernesto,Tafoya,3877,Mechanical Engineering,100008
32317487,Vladana,Žigić,4265,Law,100018
32411890,Lola,Lucas,1766,Mechanical Engineering,100006
32460186,Sudislava,Macura,1050,Computer Science,100002
32462982,Frederick,Rodriguez,1258,Data Science,100016
32507017,Aymeric,Leclerc,3600,Mechanical Engineering,100011
32521891,Arcádio,Moreira,2528,Mechanical Engineering,100016
32577199,Aada,Ojala,988,Law,100002
32593185,Ryan,Jean-Baptiste,309,Data Science,100010
32612735,حسین,رضاییان,2391,Graphics,100020
32709256,Waseem,Van der Velden,873,Data Science,100013
32814571,Kathy,Douglas,2585,Business,100009
32908778,Raymond,Hall,2645,Law,100020
32920503,Enna,Van den Muijsenberg,1837,Data Science,100016
32931171,Eva,Andersen,3300,Law,100011
33330051,Javier,Sanz,1585,Graphics,100009
33396199,Pablo,Roque,4218,Mechanical Engineering,100002
33522067,Ella,Wirtanen,360,Data Science,100018
33614606,Serenity,Bryant,2939,Business,100015
33654547,Alexander,Wood,2642,Data Science,100011
33844486,Dominic,Campbell,3928,Business,100015
33888544,آراد,محمدخان,2464,Business Administration,100018
33899044,Alfred,Kim,4147,Data Science,100020
33999249,Vlado,Ognjanović,4007,Computer Science,100008
34035458,Léandro,Colin,3979,Mechanical Engineering,100020
34102841,Grace,Lewis,515,Law,100005
34245806,Elfi,David,2444,Computer Science,100010
34281183,Francisca,Esquivel,1810,Computer Science,100011
34328786,Kylie,Castro,1368,Computer Science,100009
34340043,Marilyn,Jordan,651,Law,100019
34401207,Julio,Prieto,3713,Data Science,100003
34486030,Julio,Ibarra,2249,Law,100017
34554870,Tristan,French,2310,Data Science,100006
34599232,Emma,Møller,4322,Electrical Engineering,100001
34625648,Jayden,Jones,3854,Graphics,100011
34730618,Estéban,Lefevre,2124,Electrical Engineering,100016
34793737,Victor,Jensen,1550,Graphics,100002
35002572,Rachel,Robert,3141,Data Science,100019
35003045,Tracey,Mills,1387,Business,100002
35059704,Viktorina,Strokach,3580,Mechanical Engineering,100020
35119877,Floyd,Neal,3645,Electrical Engineering,100006
35240174,Lola,Wade,1757,Business Administration,100002
35299400,Sophie,Morris,4223,Graphics,100008
35378703,Barış,Adan,711,Graphics,100013
35469915,Afet,Paksüt,4804,Mechanical Engineering,100019
35561479,Florian,Picard,3146,Data Science,100016
35604380,Arlo,Lee,4094,Computer Science,100003
35659542,Fatma,Türkyılmaz,4555,Mechanical Engineering,100018
35674959,Gladys,Bryant,2662,Business,100015
35763429,Pascale,Hinrichs,2974,Law,100018
35785996,Zinoviy,Lopata,2717,Mechanical Engineering,100010
35801611,Gonçalo,Roy,2466,Computer Science,100006
35953652,Latife,Sandalcı,2690,Computer Science,100009
35954589,Annabelle,Denys,4791,Business Administration,100002
36018807,Sophia,Hopkins,1969,Business Administration,100002
36089948,Amelia,Lévesque,1463,Computer Science,100013
36261575,Shraddha,Bhardwaj,346,Mechanical Engineering,100006
36429625,Víctor,Aguirre,3387,Business,100003
36577429,Venla,Wirta,1356,Computer Science,100010
36683511,Sofia,Olsen,1115,Business,100018
36782838,Blake,Edwards,2834,Electrical Engineering,100003
36793146,Shreya,Das,3302,Business Administration,100017
36814638,Sedef,Bayındır,877,Mechanical Engineering,100017
36825709,Özkan,Fahri,4394,Computer Science,100015
36929300,Oya,Dalkıran,899,Data Science,100019
36950247,Dustin,Cunningham,1296,Graphics,100018
37033982,Owen,Knight,4563,Business Administration,100009
37150077,Alta Gracia,Pedraza,2108,Law,100008
37383524,Elli,Rantanen,1920,Electrical Engineering,100003
37395883,Ian,Prescott,2070,Electrical Engineering,100007
37454888,Sofia,Christensen,1391,Computer Science,100006
37514218,Anthony,Côté,1987,Computer Science,100005
37549640,Babette,Meyer,4338,Computer Science,100007
37758029,Yashika,Dsouza,4916,Computer Science,100017
37835626,Lola,Perez,3723,Electrical Engineering,100018
38034621,Bonno,Fox,2275,Business,100009
38072766,Lidia,Dumont,2333,Graphics,100004
38084335,Nixon,Singh,4415,Computer Science,100014
38099759,Lisa,Newman,2782,Mechanical Engineering,100016
38120632,Sam,Brown,3422,Mechanical Engineering,100010
38158643,Sergio,Márquez,3552,Business Administration,100018
38189947,Akilina,Udovenko,2787,Business,100008
38467972,Celia,Gonzales,4749,Graphics,100002
38789704,Rita,Wunder,2896,Data Science,100020
38809584,María José,Escalante,3205,Electrical Engineering,100005
38855954,Ken,Jones,3111,Electrical Engineering,100016
38873490,Rodoljub,Rakić,4329,Graphics,100007
39066026,Gordomisl,Senyuk,2021,Mechanical Engineering,100008
39157289,Isabel,Burgos,4522,Computer Science,100004
39176717,Gema,Sánchez,2411,Computer Science,100017
39197892,Lenny,Bonnet,3037,Computer Science,100019
39282571,Lauren,Harper,4192,Electrical Engineering,100011
39285741,Jair,Caldeira,877,Mechanical Engineering,100017
39456621,Simon,Brar,3452,Data Science,100007
39803774,Deborah,West,4567,Graphics,100006
39883123,Vsevlad,Kubrak,4391,Mechanical Engineering,100017
39947336,Dragica,Šotra,3911,Electrical Engineering,100016
39956585,Cameron,Alexander,1551,Business,100007
40093888,Fernando,Elliott,2494,Computer Science,100010
40112912,Estéban,Sanchez,4949,Mechanical Engineering,100016
40121160,Luukas,Laakso,1245,Business,100012
40123640,Jeffrey,Garcia,1961,Data Science,100008
40124714,Mads,Madsen,1163,Law,100007
40312938,Sue,Hawkins,4862,Computer Science,100015
40754837,Yatan,Dsouza,3326,Electrical Engineering,100010
40778866,Mons,Lillestøl,2625,Electrical Engineering,100010
40801321,Sophia,Lee,4421,Law,100006
40883983,Roksolan,Pedan,3440,Electrical Engineering,100004
40947214,Julia,Stevens,4508,Business,100007
40963187,Sara,Brooks,2054,Business,100014
41093897,Pahal,Tipparti,3528,Business Administration,100001
41217009,Christiane,Nøttveit,4154,Data Science,100003
41334665,Girish,Kumari,4703,Business Administration,100016
41659550,Hemang,Chavare,1666,Computer Science,100009
41691981,Jennifer,Kelley,960,Business Administration,100018
41730739,Ana,Gamboa,2421,Data Science,100017
41774492,Indie,Walker,1959,Electrical Engineering,100001
41794932,Shane,Watson,3438,Electrical Engineering,100014
41834902,Tristan,Young,4672,Business Administration,100019
41891522,Mason,Lee,3986,Business,100018
41948779,Florisbela,de Souza,4460,Law,100007
42020153,Mayya,Fomenko,1993,Law,100016
42097493,Milly,Sæterbø,4082,Law,100010
42298533,Iván,Navarro,2960,Graphics,100010
42303794,Elena,Milutinović,573,Graphics,100004
42342109,Andrijana,Adamović,850,Graphics,100016
42663285,Nevaeh,Williams,1837,Business,100003
42687910,Asta,Møller,1951,Electrical Engineering,100003
42720373,Hildburg,Worm,2574,Data Science,100019
42782404,Maurizio,Hack,2623,Graphics,100002
43190939,Macit,Çörekçi,1567,Graphics,100001
43261653,Isaac,Ward,1621,Business Administration,100018
43339409,Selina,Bolstad,4506,Data Science,100003
43389477,Tatiano,Vieira,3916,Graphics,100007
43464566,Alan,Ray,3473,Business Administration,100019
43466291,Catarina,Sales,3240,Business Administration,100005
43521079,Sonya,Vloh,3914,Mechanical Engineering,100015
43521783,Axelle,Blanchard,4502,Law,100020
43546767,Stella,Thompson,576,Business Administration,100005
43582161,Samuel,Dumas,1224,Law,100012
43606259,Mandy,Jennings,562,Graphics,100006
43648273,Marina,Crespo,4610,Computer Science,100015
43710623,Zbigniew,Franken,1810,Data Science,100012
43749672,Porfírio,Pires,3849,Mechanical Engineering,100006
43859824,Brian,Carr,2578,Mechanical Engineering,100016
44085164,Sessa,Páez,1062,Business,100007
44093960,Vorotislav,Tancyura,2920,Law,100018
44131543,Xam,Wiendels,2340,Law,100004
44189388,Geza,Homann,302,Business,100017
44210136,Ole,Gerke,777,Data Science,100015
44310268,Elif,Özkök,819,Business Administration,100004
44429943,Vidyalaxmi,Bansal,4459,Electrical Engineering,100011
44543006,Herman,Grant,1746,Business,100003
44554084,Elvia,Guzmán,1629,Graphics,100013
44608535,Nelli,Scherf,1158,Electrical Engineering,100013
44699343,Logan,Bergeron,4318,Data Science,100010
44868187,William,Gregory,2441,Mechanical Engineering,100016
45099986,Marcus,Robinson,1453,Law,100020
45284834,Cecil,Welch,2938,Data Science,100019
45294690,Logan,Addy,2722,Business,100017
45299281,Merita,Lemoine,4772,Mechanical Engineering,100016
45385224,Tracey,Rose,1111,Business Administration,100019
45389809,Belén,Santana,815,Computer Science,100001
45503357,Jonathan,Christensen,2761,Electrical Engineering,100018
45709878,Lydia,Nichols,4049,Electrical Engineering,100008
45720834,Lucas,Lucas,3554,Computer Science,100014
45865236,Oskold,Zhitinskiy,1830,Computer Science,100019
45898963,Frederik,Claußen,990,Data Science,100020
45961481,Charline,Bertrand,1552,Business,100004
45967590,Linnea,Hakala,3474,Computer Science,100001
46023863,Ana Luisa,Mayorga,384,Electrical Engineering,100015
46286951,Mercedes,Bravo,3504,Graphics,100019
46428585,Brady,Ijzermans,692,Electrical Engineering,100012
46492468,Alexandre,Gill,4123,Business Administration,100020
46504530,Necati,Koç,4219,Graphics,100018
46516769,Addison,Smith,2403,Data Science,100010
46707589,Ryan,Mitchell,2251,Data Science,100004
46809168,Erol,Hinrichsen,835,Business Administration,100002
46830706,Batur,Çetin,4674,Mechanical Engineering,100012
46869418,Darko,Storch,1317,Electrical Engineering,100010
46933532,Oya,Topçuoğlu,705,Computer Science,100010
46936710,Carlos,Gerard,3015,Computer Science,100009
46948582,Isla,Kujala,645,Business Administration,100002
46961027,Ernesto,Duarte,2115,Graphics,100017
46965414,Cody,Harrison,4740,Business,100012
46971885,Amadeus,Kara,1167,Electrical Engineering,100005
46981723,Franklin,Beck,3722,Computer Science,100008
47039650,Mikkel,Larsen,995,Graphics,100006
47079520,Deepak,Mathew,3021,Electrical Engineering,100005
47245530,Harper,Thompson,3750,Business Administration,100017
47375297,Ilyas,Dalaker,3414,Mechanical Engineering,100004
47405428,Lenni,Leppo,921,Data Science,100013
47487084,Nora,Sanchez,3683,Business,100017
47527894,Phillip,Perkins,1923,Computer Science,100005
47567305,Elizabeth,Nelson,4894,Computer Science,100004
47609851,Tilde,Christiansen,392,Electrical Engineering,100019
48119334,Megan,Chan,2291,Computer Science,100015
48217311,Aleksandra,Jahn,1691,Business,100016
48454506,Shahistha,Saldanha,1850,Business,100018
48462996,Pavitra,Kaur,4093,Mechanical Engineering,100016
48556279,Violetta,Bakalo,2470,Business Administration,100020
48585446,Predslava,Silchenko,820,Mechanical Engineering,100020
48699013,Silvija,Adamović,1425,Electrical Engineering,100013
48801263,Álvaro,Velasco,4588,Mechanical Engineering,100014
48840253,Alexandre,Gaillard,2396,Graphics,100010
48847632,Radogost,Yurevich,3932,Graphics,100009
48967490,Aljoša,Topić,2797,Graphics,100012
49028856,Ege,Oraloğlu,2296,Law,100011
49134225,سینا,احمدی,1500,Law,100017
49239014,Elias,Andersen,1021,Electrical Engineering,100011
49534927,Isabela,Candelaria,4080,Mechanical Engineering,100013
49542346,Lyutomisl,Chervoniy,3629,Computer Science,100018
49962441,Vincent,Lawson,1375,Data Science,100014
50174598,Kaća,Aleksić,1921,Graphics,100003
50199829,Richard,Turner,1429,Business Administration,100011
50233718,Oliver,Edwards,3710,Graphics,100010
50502924,Mustafa,Abanuz,487,Data Science,100019
50586244,Abigail,Lira,4525,Data Science,100008
50691272,Ethan,Graves,2791,Graphics,100017
50828874,James,Cooper,1185,Graphics,100014
50959459,Bojan,Rodić,1754,Data Science,100002
50985807,Brad,Porter,4951,Electrical Engineering,100017
50997308,Leslie,Jensen,2708,Mechanical Engineering,100002
51162216,Eládio,Castro,3577,Data Science,100006
51183392,Doğukan,Penterman,2893,Data Science,100001
51373185,Ruslana,Popović,3781,Data Science,100019
51388067,Jill,Hoffman,860,Business,100016
51843572,Jamim,Barros,4912,Data Science,100019
51997258,Misty,Rivera,745,Graphics,100012
51999887,Nagraj,Shetty,1437,Business,100010
52173190,Leo,Park,4861,Business,100018
52308432,Margot,Lucas,4512,Computer Science,100011
52353899,Anfisa,Zaliznyak,304,Business,100005
52508276,Nastasija,Stojanović,1783,Computer Science,100018
52610128,Meires,Rezende,3240,Mechanical Engineering,100007
52621194,Jamil,Van Kol,3381,Business,100008
52622458,Nella,Halonen,3494,Computer Science,100005
52647537,Oleg,Chuyko,2052,Computer Science,100016
52665189,Daniel,Kauppila,4562,Electrical Engineering,100003
52779299,Diane,Fitzgerald,451,Business Administration,100010
52899060,Dalal,Crama,4205,Mechanical Engineering,100002
53004354,Ceylan,Özgörkey,1839,Business,100011
53014758,Oliver,Jean-Baptiste,4681,Graphics,100001
53142138,Ellen,Sandtorv,781,Computer Science,100016
53157335,مهدیس,گلشن,909,Data Science,100018
53307642,Erben,Masselink,1698,Graphics,100010
53691519,Alan,Oliveira,1238,Data Science,100001
53728838,Jori,Van Houts,2648,Graphics,100016
53771863,Eliza,Wells,3903,Electrical Engineering,100018
53900981,Elvira,Kozhuhar,648,Law,100018
53948366,Udo,da Cruz,1305,Business Administration,100020
53952689,Justine,Ouellet,4538,Law,100006
54007824,Isabelle,Gutierrez,4602,Computer Science,100013
54139197,Patsy,Hunt,3742,Data Science,100006
54245934,Milosav,Bajević,4820,Business Administration,100014
54368393,Nalan,Ekici,2799,Business Administration,100013
54369074,Manvitha,Mendonsa,2048,Electrical Engineering,100001
54375580,Kerim,Akan,3383,Law,100005
54396446,Carolyn,Newman,1543,Mechanical Engineering,100012
54603596,Terrance,Sims,2215,Mechanical Engineering,100001
54619163,Milla,Lammi,2869,Mechanical Engineering,100017
55044249,Prakruthi,Anchan,3138,Electrical Engineering,100018
55144957,Noémie,Harcourt,4980,Data Science,100011
55352717,Iben,Skjelbred,1443,Data Science,100011
55355558,Annelies,Blanchard,2598,Electrical Engineering,100001
55501360,Silata,Vishneveckiy,1201,Computer Science,100008
55515142,Florence,Wright,3105,Mechanical Engineering,100011
55544479,Andrea,Stepanović,462,Computer Science,100006
55558878,Peyton,Li,3010,Computer Science,100009
55656985,Glen,Kelley,4462,Business,100018
55691624,Alolika,Raval,4539,Computer Science,100004
55704354,Zdravko,Ivanović,4269,Data Science,100003
55944701,Kadir,Erbulak,2254,Graphics,100019
56083817,Nicole,Kelley,626,Mechanical Engineering,100020
56150102,Barış,Kulaksızoğlu,3579,Data Science,100009
56257819,Jennifer,Holmes,4743,Graphics,100011
56280592,Pranay,Nayak,2744,Electrical Engineering,100009
56294186,Lidia,Serrano,767,Law,100019
56370252,Karla,Møller,3843,Mechanical Engineering,100014
56413319,Živko,Nikolić,1104,Business Administration,100014
56435161,Crispim,Araújo,1493,Mechanical Engineering,100014
56436932,Malusha,Luckiy,3600,Graphics,100001
56506039,Amelia,Wang,762,Electrical Engineering,100015
56547805,Anna,Richard,1528,Mechanical Engineering,100001
56882896,Isael,Teixeira,4593,Law,100009
56952769,علیرضا,مرادی,3681,Computer Science,100017
57021826,Matthäus,Böhnke,3410,Law,100002
57126515,Lily,Baker,2330,Data Science,100012
57193150,Kristin,Henderson,681,Electrical Engineering,100011
57225117,Miron,Franchuk,4732,Data Science,100013
57280127,Trym,Utheim,1217,Business,100010
57511939,Atanásio,Moreira,1123,Mechanical Engineering,100014
57523161,Layla,Edwards,1562,Law,100017
57683575,Bridget,da Cruz,1061,Business,100011
57822769,Tamara,Rodriguez,1663,Electrical Engineering,100007
57880910,Álvaro,Mora,312,Business Administration,100017
58044208,Gaëtan,Vidal,712,Electrical Engineering,100001
58108159,سارا,کریمی,1868,Mechanical Engineering,100005
58352262,احسان,کوتی,4662,Law,100005
58515187,Mae,Schmitt,1669,Mechanical Engineering,100015
58605068,Bob,Silva,3548,Business,100001
58629473,Maria,Mladenović,4267,Electrical Engineering,100019
58657623,Adela,Stigen,4379,Business Administration,100016
58693703,Raziye,Kleefstra,4452,Mechanical Engineering,100009
58712525,Kimberly,Kennedy,4501,Data Science,100014
58819276,Shelly,Nelson,2963,Graphics,100001
58839054,Georgina,Hizhinskiy,3730,Business Administration,100011
58889600,عباس,گلشن,3608,Electrical Engineering,100003
58911463,Alisa,Niemela,2582,Law,100019
58938556,پرهام,مرادی,3014,Law,100009
59055757,آرمین,پارسا,3225,Mechanical Engineering,100004
59067763,Ronja,Hatala,3299,Mechanical Engineering,100014
59111527,Josefine,Pedersen,4896,Electrical Engineering,100012
59254326,Mario,Collazo,1855,Law,100003
59418727,Stefanija,Silić,444,Law,100003
59451369,النا,نجاتی,3471,Electrical Engineering,100015
59495800,Tim,Simmons,1882,Computer Science,100015
59549538,Wyatt,King,3532,Law,100005
59628278,Alexander,Jenkins,1280,Graphics,100001
59716627,Tara,Foster,3980,Electrical Engineering,100010
59820199,P'ier,Lazarevska,3187,Business Administration,100012
60411804,Lucélia,Almeida,4563,Graphics,100004
60420545,Arttu,Hokkanen,3971,Electrical Engineering,100019
60516808,میلاد,سالاری,1821,Graphics,100003
60567089,Rose,Smith,1264,Business,100013
60594098,Harriet,Zhang,1178,Computer Science,100008
60723185,Lydia,Kvernberg,3203,Computer Science,100013
60809987,Gema,Carrasco,596,Business Administration,100013
60915975,Andréa,Lambert,3431,Law,100018
61026411,Alma,Christensen,4552,Electrical Engineering,100003
61039062,Potishana,Lubkivskiy,4949,Law,100012
61095031,Borimisl,Aleksandrovich,3013,Computer Science,100007
61599827,Ilona,Pietila,3160,Graphics,100008
61610339,Loris,Martinez,640,Business,100012
61673798,Aditya,Kini,3896,Business Administration,100005
61690283,Johanne,Velde,781,Business Administration,100018
61717922,Coert,Hermelink,4333,Data Science,100014
61889287,Mendo,da Cunha,4843,Law,100012
62566508,Soline,Pierre,3461,Business Administration,100012
62567459,Veer,Chavare,2086,Data Science,100012
62805180,Elzo,Oliveira,1145,Business Administration,100017
62805870,Kasper,Niva,4412,Law,100010
62820357,Xander,Barnett,3761,Business Administration,100010
63281192,Ida,Butler,4919,Business Administration,100008
63294626,Evelyne,Nickel,2891,Graphics,100007
63316022,Orlando,Soto,510,Business,100010
63385923,Tamara,Isaković,1656,Graphics,100016
63427372,Ruby,Johnson,323,Graphics,100017
63577133,Matteo,Jean,4048,Business Administration,100017
63695024,Hranimir,Slyuzar,4277,Computer Science,100009
63890803,Dominic,Addy,896,Law,100007
63958124,Maja,Garnier,4352,Graphics,100004
64037606,Evandra,Rodrigues,3489,Data Science,100009
64057849,Simon,Pelletier,2119,Computer Science,100013
64110036,Isabella,Møller,4908,Graphics,100004
64261710,Kaya,Topçuoğlu,1491,Graphics,100004
64391926,Michelle,Brady,1054,Computer Science,100005
64418879,Shahd,Aussems,604,Computer Science,100003
64608964,Hetal,Sheikh,3408,Mechanical Engineering,100014
64945438,Sebastian,Jensen,3467,Business Administration,100008
65006167,Edgar,Joly,1583,Business,100005
65012844,Lisa,Henry,3701,Law,100009
65036381,Lurdes,da Mata,1896,Business,100016
65098732,Krsto,Tadić,3777,Electrical Engineering,100008
65250978,Elouan,Pierre,1893,Data Science,100010
65356568,Amelia,Richard,1680,Electrical Engineering,100005
65813939,Harry,Day,2825,Graphics,100007
65934003,Siiri,Wallo,4491,Electrical Engineering,100014
65937300,Amber,Harris,3005,Data Science,100009
66041886,Nanna,Johansen,3730,Mechanical Engineering,100013
66153657,Piper,Lewis,2723,Law,100020
66168871,Malo,Fournier,2297,Graphics,100014
66170076,Kimberly,Ellis,3722,Graphics,100006
66222666,Julia,Perez,485,Computer Science,100008
66250332,Miriam,Guerrero,815,Computer Science,100014
66415321,Ben,Mitchell,3959,Law,100003
66551163,Ronald,Krell,3698,Graphics,100013
66672123,Ivano,Leroy,2492,Graphics,100014
66750634,Florence,Macdonald,4889,Electrical Engineering,100019
66996804,Noélia,Peixoto,1145,Data Science,100006
67092769,Faraj,Keshri,487,Law,100002
67150995,Samuel,Morin,4529,Mechanical Engineering,100001
67371033,William,Howard,739,Graphics,100010
67418180,Siren,Kind,4019,Electrical Engineering,100008
67421180,Shawn,Marshall,4976,Computer Science,100016
67507194,Ratko,Mitrović,2315,Graphics,100017
67516986,Harriet,Green,3662,Business,100009
67518407,Julia,Carrasco,3806,Law,100002
67597934,Lucas,Turner,4421,Law,100016
67700636,Mohamed,Hernández,1751,Business,100019
67708776,Mirko,Sekulić,3012,Electrical Engineering,100016
67829169,کیمیا,قاسمی,3937,Graphics,100009
67937527,Juho,Lepisto,3492,Business Administration,100015
68013539,دانیال,سلطانی نژاد,1277,Law,100020
68015452,Scott,Kelly,4960,Computer Science,100019
68075547,Bettina,Bonnet,1386,Graphics,100006
68127028,Libertário,Viana,491,Mechanical Engineering,100019
68245461,Bertram,Jørgensen,1442,Business Administration,100006
68259126,Leo,Niva,3436,Electrical Engineering,100004
68266433,Ramon,Duncan,4073,Business Administration,100013
68486491,Anja,Marinković,4876,Business,100006
68631554,Wilfrido,Cornejo,3488,Computer Science,100012
68752204,Engelien,Hooijschuur,1109,Business Administration,100017
68781107,Čedomir,Spasić,4066,Data Science,100019
68795712,Jayla,Boonzaaijer,3743,Computer Science,100003
68911191,Iekaterina,Pilatyuk,2409,Graphics,100007
68959591,Nabor,da Mota,1804,Graphics,100016
68979376,Anneliese,Lührs,400,Law,100017
69068267,Tammy,Miller,414,Computer Science,100006
69078666,نيما,حسینی,2003,Business,100002
69109068,Carolyn,Gonzalez,3615,Mechanical Engineering,100011
69112321,Juan,Gomez,3501,Graphics,100007
69119769,Helmut,Morin,4148,Computer Science,100011
69220474,Jacobo,Meraz,4127,Law,100008
69256555,Marion,Edwards,1052,Mechanical Engineering,100017
69397859,Tracy,Little,887,Electrical Engineering,100003
69404165,Lauren,Montgomery,4925,Business,100020
69605082,Teresa,Bravo,4370,Graphics,100009
69691977,Miloje,Spasojević,429,Electrical Engineering,100018
69745151,Valentina,Lysne,4992,Business,100018
69768652,Edvino,Ferreira,4509,Electrical Engineering,100017
69835684,Lieschen,Hirsch,4629,Computer Science,100010
69837498,Paul,Francois,1473,Law,100003
69861834,Charles,Griffin,1981,Mechanical Engineering,100005
69932429,Joselindo,Pereira,4597,Graphics,100007
70175287,Roland,Bowman,1919,Business,100017
70335471,Jessica,Russell,2025,Electrical Engineering,100006
70357300,Cristóbal,Navarro,1713,Mechanical Engineering,100018
70460596,Gabrielle,Petit,3542,Business Administration,100003
70499110,Matilda,Singh,2397,Business Administration,100004
70682643,Akseli,Waara,4987,Data Science,100009
70855908,Fred,Clasen,1224,Data Science,100006
70975552,Tarjei,Høgset,721,Mechanical Engineering,100007
71127339,Cyrill,Garnier,4745,Business Administration,100006
71156777,Freddie,Daniels,759,Law,100017
71158196,Sandra,Soler,2328,Electrical Engineering,100009
71172680,Nurdan,Nalbantoğlu,2689,Business,100012
71200566,Mônica,Nogueira,3566,Electrical Engineering,100014
71428941,Lillian,Mcdonalid,4880,Graphics,100006
71562363,ایلیا,حسینی,2496,Data Science,100006
71804907,Charles,Tremblay,1639,Business,100015
71944927,Daniel,Chow,4107,Business,100014
72069108,Roberto,Miller,3970,Mechanical Engineering,100008
72141519,Darpan,Bhat,4489,Mechanical Engineering,100005
72461324,Alba,Cruz,4145,Computer Science,100011
72605336,Layla,Thomas,4628,Business Administration,100016
72623169,Dunja,Subašić,2311,Computer Science,100015
72635661,Jacqueline,Weinberger,1405,Business,100017
72642211,Wilma,Sullivan,3106,Mechanical Engineering,100001
72852682,Hildegart,Nissen,4662,Law,100004
72995434,Nico,Hubert,2818,Mechanical Engineering,100004
73026242,Mina,Smiljanić,2824,Data Science,100003
73067787,فاطمه زهرا,علیزاده,2121,Data Science,100004
73145802,Svetozar,Blagojević,1974,Law,100013
73152885,Annabelle,Jones,4541,Business Administration,100012
73235731,Jeffrey,Wallace,4276,Computer Science,100004
73313208,Leslie,Craig,4488,Business Administration,100006
73556733,رونیکا,نجاتی,676,Graphics,100015
73795921,Edgar,Mills,1125,Data Science,100018
73909071,Caroline,Nielsen,2159,Electrical Engineering,100001
74148293,Anton,Nurmi,1538,Data Science,100017
74194713,Ege,Kahveci,1735,Law,100012
74258369,Ayşe,Abadan,481,Business,100008
74377266,Juan,Vega,4395,Law,100017
74412378,Franklin,Costa,1389,Business Administration,100003
74467303,Kolodara,Bogaievskiy,1453,Business Administration,100018
74565991,Marisela,Zavala,4168,Electrical Engineering,100013
74582522,Yasin,Bjerkan,3004,Business,100008
74587085,Edwin,Henry,2328,Mechanical Engineering,100007
74668298,Gonçalo,Laurent,1468,Data Science,100016
74720937,Cilly,Bunge,2719,Mechanical Engineering,100003
74749641,Julien,Lambert,4555,Computer Science,100005
74840754,Peetu,Wiitala,2976,Computer Science,100015
74962227,Holly,Smith,2694,Law,100004
75008293,Reginald,Collins,3738,Business,100009
75164242,Adrián,Reyes,1033,Computer Science,100020
75249841,Viljami,Salminen,3330,Business,100013
75482180,Dona,Prabhu,4341,Computer Science,100006
75518713,Anatoliya,Lapichak,4030,Computer Science,100006
75553796,Leanne,Wilson,2403,Computer Science,100002
75587519,Auguste,Durand,3838,Business Administration,100007
75616752,مهراد,احمدی,3325,Law,100006
75706882,Guillermina,Portillo,4876,Graphics,100020
75787894,Arian,Akram,4301,Electrical Engineering,100011
75951276,Hervê,Moreira,4562,Business Administration,100019
76287174,Sarah,Kumar,3997,Computer Science,100004
76351003,Rosenira,Lima,4373,Business Administration,100005
76433154,Dobroslav,Vovchenko,599,Electrical Engineering,100009
76645223,Mons,Svardal,2079,Data Science,100015
76728425,Johan,Jørgensen,786,Law,100020
76771503,Rosalina,Moraes,4172,Computer Science,100007
76908614,Olaf,Goedemans,645,Data Science,100010
77049129,Dylan,Hall,4633,Graphics,100011
77139749,Aurélie,Legrand,753,Data Science,100013
77191195,Célia,Deschamps,3619,Mechanical Engineering,100011
77224311,Mélissa,Leroux,1660,Business Administration,100007
77443201,Amalie,Pedersen,1094,Business Administration,100007
77498731,Chester,Boyd,3780,Mechanical Engineering,100009
77639448,Guillermo,Flores,2898,Business Administration,100011
77700123,Emilie,Johansen,1459,Mechanical Engineering,100008
77704041,Chi,Heikens,3056,Law,100018
77732145,Chiara,Charles,353,Data Science,100010
78006235,Madalena,Moraes,3629,Data Science,100019
78135852,Charles,Dufour,4898,Electrical Engineering,100002
78216534,نيما,کامروا,324,Electrical Engineering,100011
78296766,Isac,Guldberg,2170,Business Administration,100001
78336834,Nooa,Kumpula,615,Electrical Engineering,100010
78414448,Ljubica,Carpentier,2363,Mechanical Engineering,100014
78422038,Juho,Salo,393,Electrical Engineering,100014
78428989,Vishishta,Kouser,2024,Graphics,100005
78520061,Noah,Larsen,3728,Data Science,100015
78595690,Cornelio,Ocasio,3780,Business Administration,100017
78688850,Hartwig,Thon,4063,Business Administration,100016
78991062,Salwa,Jung,3750,Computer Science,100004
78998997,Jordan,Thomas,3930,Data Science,100016
79012063,Lerke,Myran,416,Mechanical Engineering,100005
79036278,Cristina,Tafoya,788,Mechanical Engineering,100010
79039508,Cläre,Dorner,2534,Electrical Engineering,100001
79085277,Antonius,Gehrig,3947,Business Administration,100008
79240922,Holly,Butler,1869,Mechanical Engineering,100005
79250456,آوینا,صدر,3264,Electrical Engineering,100016
79498967,Hannah,Wang,2859,Business,100014
79554117,Arijus,Dybdahl,960,Business Administration,100011
79560694,Idhant,Chiplunkar,4640,Graphics,100001
79627647,Danile,Nascimento,832,Law,100016
79657129,Kai-Uwe,Nissen,2485,Data Science,100001
79900009,Eden,Jones,4806,Data Science,100018
79945207,Lucette,Fabre,2518,Data Science,100011
79984219,Tierri,Carvalho,3279,Computer Science,100008
80014193,Mihajlo,Trajković,4018,Law,100013
80033590,Heitor,Mendes,4040,Law,100006
80225652,Rosalyn,Carter,3375,Electrical Engineering,100017
80253677,Kenzo,Lambert,3234,Data Science,100004
80448310,Brielle,Ross,3910,Data Science,100013
80470888,Cassandre,Lemaire,881,Computer Science,100003
80541140,Petter,Teig,2718,Law,100013
80696034,Jessica,Simpson,1361,Business,100010
80835194,Marilou,Miller,2125,Computer Science,100005
81006545,Maelya,Barbier,2979,Data Science,100013
81085413,Aubrey,Ambrose,4616,Mechanical Engineering,100016
81212109,Batur,Çağıran,3529,Electrical Engineering,100016
81223390,Florence,Macdonald,4181,Computer Science,100018
81502464,Carice,Nederlof,3333,Electrical Engineering,100020
81513913,Lucia,Santos,2532,Law,100013
81582181,Brian,Kelley,3214,Data Science,100007
81692766,Maud,Fjellvang,3104,Business Administration,100012
81947839,Nolan,Robin,782,Business,100016
82018668,Florence,Tremblay,3251,Mechanical Engineering,100014
82046677,Dylan,Li,1376,Data Science,100009
82123690,Lakshmi,Das,3698,Electrical Engineering,100010
82232757,Emily,Walker,4285,Law,100006
82571544,Ananya,Hiremath,4347,Business,100013
82678178,Youssef,Schulz,1436,Electrical Engineering,100001
82796808,Vilho,Tuominen,2108,Business Administration,100011
82801436,Mihailo,Vrhovac,3167,Business Administration,100001
82856164,Sheryl,Palmer,1024,Mechanical Engineering,100004
82861880,Richard,Rosenbaum,4989,Business Administration,100019
83334413,Vildan,Pektemek,2510,Data Science,100003
83426495,Victor,Mortensen,934,Electrical Engineering,100012
83634130,Katarzyna,Brück,1207,Mechanical Engineering,100005
83910952,Mehmet,Arslanoğlu,3881,Law,100010
83948232,Valentin,Schnur,1327,Computer Science,100004
84321547,Leonora,Folkedal,3260,Law,100015
84337659,فاطمه,کوتی,4350,Graphics,100020
84673129,Harald,Buß,4849,Business Administration,100020
84869216,Bently,Ross,3820,Law,100007
84919057,Lily,Williams,4370,Law,100005
84980409,Kübra,Öztonga,2859,Business,100016
85061135,کیمیا,رضاییان,814,Law,100018
85122693,Tammy,Meyer,4909,Law,100013
85188355,Eliza,Payne,1170,Graphics,100020
85230187,Ümit,Aşıkoğlu,4564,Computer Science,100019
85416857,Keira,Chen,2637,Law,100008
85566242,Rahima,Ekici,3129,Business Administration,100010
85618131,Chris,Mendoza,2913,Law,100004
85767024,Ved,Bhat,1138,Data Science,100008
85842209,Alexandra,Boyd,2991,Electrical Engineering,100019
85926731,Vesna,Simonović,1630,Electrical Engineering,100008
85948467,Antoine,Miller,2563,Business,100005
85962748,Brittany,West,1474,Computer Science,100003
85992706,Volkan,Akaydın,4958,Electrical Engineering,100004
86157766,Gatusil,Mikolaychuk,3991,Data Science,100015
86209870,Vojislava,Mihajlović,3810,Data Science,100005
86275594,Loretta,Hudson,4090,Electrical Engineering,100010
86375067,Katherine,Franklin,2719,Computer Science,100015
86513458,Arno,Thomas,2338,Electrical Engineering,100009
86598433,Radivoy,Georgiievskiy,1398,Graphics,100015
86615107,Stoymir,Kovtonyuk,1683,Electrical Engineering,100016
86678769,Ljubiša,Jeremić,3019,Law,100010
86762829,Mads,Jensen,1551,Computer Science,100016
86844347,Eva,Lavigne,2618,Law,100004
86886443,محمدطاها,علیزاده,1637,Law,100019
86889620,Marcel,Jordal,1278,Computer Science,100020
86891674,Plácida,Viana,1431,Electrical Engineering,100003
86915710,Alfredo,Stephan,1693,Business,100007
86919627,Rolf,Chevalier,4064,Computer Science,100003
87030245,Leroy,Ruiz,4558,Electrical Engineering,100010
87149670,Pasquale,Reichenbach,1241,Electrical Engineering,100012
87300495,Adelheid,Van der Have,3863,Business,100013
87366330,Amalie,Poulsen,2604,Business Administration,100004
87479893,Atiksh,Dalvi,3161,Graphics,100007
87557442,شایان,نكو نظر,4654,Graphics,100018
87747695,Isabel,Muñoz,1923,Business,100004
88269326,Aleksej,Žikić,3010,Electrical Engineering,100001
88360359,Daniel,Hanka,2725,Business Administration,100018
88822059,Edvaldo,Sales,1811,Mechanical Engineering,100012
88866928,Vincent,Hart,1955,Electrical Engineering,100001
88927066,Bruno,Yáñez,1026,Electrical Engineering,100007
89021295,Angelika,Winkel,4558,Graphics,100005
89126238,Otto,Latt,4510,Computer Science,100013
89274745,Kevin,Gregory,3179,Data Science,100019
89470182,Vicenta,Cabrera,2426,Data Science,100003
89492450,José María,Tejada,4792,Business Administration,100015
89524158,Emily,Sørensen,1901,Business Administration,100014
89566658,Hedi,Schmidt,2639,Computer Science,100010
89569322,Jerome,Elliott,1987,Graphics,100012
89569837,Aurora,Colón,1749,Graphics,100003
89748430,Chaitanya,Sullad,3168,Mechanical Engineering,100004
89911069,علی,زارعی,523,Mechanical Engineering,100017
90126117,Vistan,Pevniy,2055,Data Science,100012
90189929,Enni,Latvala,3882,Computer Science,100019
90228773,Jessica,Brewer,2651,Data Science,100015
90313001,Olja,Tomašević,4774,Data Science,100001
90437310,Mitesh,Anand,370,Business,100001
90562368,Krishna,Anand,2929,Graphics,100007
90705961,Léo,Vincent,2415,Graphics,100013
90858307,Efe,Sepetçi,4923,Computer Science,100020
90858889,Elya,Masson,3033,Business,100010
90891931,Irene,Ruiz,2255,Computer Science,100011
91105478,Gopika,Bal,4080,Electrical Engineering,100009
91123068,Izolina,Melo,4885,Data Science,100019
91214425,Kelly,Lord,2014,Graphics,100018
91342464,امیر,سهيلي راد,1646,Business,100012
91347614,Josep,Hidalgo,2974,Business,100011
91407518,Laura,Andre,805,Data Science,100012
91487690,Annelijn,Loer,1566,Mechanical Engineering,100010
91656258,نيما,رضایی,2575,Law,100016
91669965,Leanne,Lévesque,643,Law,100013
91673234,Radogosta,Pshenichniy,2993,Mechanical Engineering,100001
92010762,Alfreda,Demchishin,2421,Business Administration,100005
92022741,Laila,Renaud,2277,Mechanical Engineering,100014
92040854,Aloïs,Marie,921,Electrical Engineering,100011
92157142,Zachary,Lowe,3038,Business,100012
92169709,Savannah,Wilson,2273,Data Science,100013
92271401,Florian,Renard,3401,Business,100014
92300015,Benno,Rösch,4011,Business,100003
92330031,Mélody,Marie,3522,Electrical Engineering,100002
92479194,Ayla,Jackson,1224,Graphics,100013
92482044,Christine,Gregory,2907,Law,100017
92608271,Rosa,Madsen,472,Graphics,100012
92687683,Lea,Hansen,2142,Business,100002
92714004,Javier,Black,4194,Law,100013
92804371,Gonca,Menemencioğlu,1127,Business Administration,100018
92900455,Timoteo,Lebrón,3175,Mechanical Engineering,100005
92901217,Sanni,Tikkanen,3926,Electrical Engineering,100019
93297472,Eren,Alpuğan,2241,Graphics,100005
93362134,Nihal,Çetiner,4825,Graphics,100011
93365504,Marisol,Arguello,1700,Business,100020
93380594,Rosina,Babich,3401,Business,100015
93465104,Timmothy,Medina,356,Data Science,100002
93715102,Aatu,Waara,3858,Computer Science,100007
93970759,Nalan,Evliyaoğlu,1877,Data Science,100007
94157023,Léon,Rodriguez,4389,Business Administration,100006
94303817,Oliver,Fernandez,1608,Business Administration,100001
94664197,بنیامین,گلشن,1974,Computer Science,100019
94746244,Maddison,Hunter,712,Business Administration,100009
94760676,Teodomiro,Rezende,2385,Computer Science,100010
94830565,Alfredo,Bailey,4488,Business Administration,100015
94854109,Abigail,Slawa,308,Electrical Engineering,100013
94869727,Kevin,Willis,3765,Electrical Engineering,100003
94923087,Noé,Van de Weijer,1555,Electrical Engineering,100006
94983498,Mauro,Treviño,1944,Electrical Engineering,100015
95175360,Nikolas,Breivik,1922,Law,100009
95249320,Vasilije,Ognjanović,4018,Electrical Engineering,100014
95418745,Hernán,Fuentes,2054,Mechanical Engineering,100010
95479660,Kayla,Singh,1774,Graphics,100003
95530884,Lisa,Boyd,2964,Graphics,100014
95638971,Fernando,Rosas,3682,Data Science,100004
95682817,Lorik,Nguyen,2420,Business Administration,100006
95698377,Samuel,Weidemann,4078,Computer Science,100008
95792441,زهرا,قاسمی,479,Graphics,100014
96071962,Rusan,Cherevko,3552,Data Science,100008
96167054,Janko,Šerbedžija,2171,Computer Science,100005
96184247,Lourdes,Santana,4814,Computer Science,100001
96265721,Hilda,Rice,4579,Data Science,100010
96367516,Luciano,Lecomte,1136,Data Science,100006
96450386,Enrique,Zapata,3150,Mechanical Engineering,100010
96546623,Ustim,Mordan,1651,Law,100013
96622741,Tanasko,Selaković,718,Mechanical Engineering,100018
96625859,Leona,Menard,3557,Mechanical Engineering,100001
96654873,Svobodan,Tretyak,555,Electrical Engineering,100006
96661995,Nadja,Silić,2240,Computer Science,100003
96709258,Harley,Walker,1955,Computer Science,100010
96737724,Julie,Kristensen,4261,Law,100012
96830727,Dylan,Lopez,3133,Data Science,100012
96956180,Begüm,Pektemek,943,Electrical Engineering,100015
96985780,Bella,Johnson,4461,Business,100004
97005251,Erika,Kelly,3830,Business,100020
97389041,Kent,Scott,4405,Business,100007
97457127,Jim,Ford,1454,Graphics,100004
97502072,دینا,مرادی,1587,Business,100006
97685900,Emmi,Korpela,1089,Business Administration,100008
97718368,Carla,Carrasco,4950,Data Science,100020
97731292,Ilarion,Hmara,3211,Business Administration,100020
97855090,Arnav,Patil,2780,Law,100011
97891954,Sergio,Peterson,2945,Electrical Engineering,100016
97911245,Perelyub,Savelieva,3948,Mechanical Engineering,100003
97939054,Jackson,Taylor,2404,Law,100010
98030434,Abigail,Monroy,3560,Mechanical Engineering,100012
98044775,Suzanne,Hunter,2208,Law,100015
98053883,Gabrielle,Ouellet,531,Business,100010
98140469,Mestan,Sözeri,703,Mechanical Engineering,100003
98174098,Dimitrije,Ivanović,4859,Graphics,100019
98219524,بنیامین,علیزاده,2579,Business Administration,100015
98348446,Pervushko,Bassa,4783,Electrical Engineering,100017
98484977,Aldonza,Caraballo,4122,Law,100006
98554309,Michael,Roberts,2895,Data Science,100004
98578399,Saana,Jarvela,1018,Law,100019
98616019,Roy,Barnes,4114,Business,100017
98687656,Adam,Aubert,1404,Mechanical Engineering,100001
98702769,Lieselotte,Bunnik,4807,Business Administration,100010
98775366,مانی,موسوی,3646,Mechanical Engineering,100015
98784801,Fatime,Jones,761,Business Administration,100009
98834422,Çetin,Tokatlıoğlu,3851,Electrical Engineering,100016
98898061,Eugene,Doyle,3585,Mechanical Engineering,100012
98969342,Sapna,Pai,1415,Law,100007
98977240,Gail,Beck,4745,Law,100015
99036935,Avery,Ford,394,Law,100006
99147487,Timothy,Robin,4154,Graphics,100017
99188220,Abel,Friis,4870,Business Administration,100002
99212518,Ariadna,Miranda,3485,Business Administration,100012
99213282,Pinja,Kurtti,430,Graphics,100018
99326285,Marita,Lervik,2750,Graphics,100010
99353667,Mariana,Ulloa,888,Data Science,100006
99364926,Özsu,Önür,2132,Business Administration,100006
99376986,Stephen,Ryan,763,Computer Science,100009
99437849,Deborah,Fernandez,3048,Business,100011
99452835,Shruti,Tipparti,1197,Business Administration,100007
99553536,Carlos,Graham,2641,Graphics,100006
99662534,Madeleine,Lewis,2678,Computer Science,100003
99754703,Clóvis,Moreira,1680,Computer Science,100013
99807904,Aurore,Roger,1996,Computer Science,100020
